priority,id,student_key,term,domain,classification,stream,terra,sol,final,reasons,review_status,human_label,human_evidence,reviewer,review_note
1,S0014,2025秋:258921,2025秋,概率统计与随机过程,QAPro,highest_s6,U,L3,L3,RATER_DISAGREEMENT;U_VS_GRADED,PENDING,,,,
1,S0017,2025秋:259039,2025秋,优化与运筹,QAPro,baseline_s3,U,中,中,RATER_DISAGREEMENT;U_VS_GRADED,PENDING,,,,
1,S0025,2025秋:259926,2025秋,机器学习与人工智能,QAPro,baseline_s3,低,U,U,RATER_DISAGREEMENT;U_VS_GRADED,PENDING,,,,
1,S0025,2025秋:259926,2025秋,机器学习与人工智能,QAPro,baseline_s6,U,L1,U,RATER_DISAGREEMENT;U_VS_GRADED,PENDING,,,,
1,S0029,2025秋:258856,2025秋,优化与运筹,QAPro,baseline_s3,低,U,U,RATER_DISAGREEMENT;U_VS_GRADED,PENDING,,,,
1,S0029,2025秋:258856,2025秋,优化与运筹,QAPro,highest_s6,U,L2,L1,RATER_DISAGREEMENT;U_VS_GRADED,PENDING,,,,
1,S0036,2025秋:259407,2025秋,优化与运筹,QAPro,baseline_s3,U,低,低,RATER_DISAGREEMENT;U_VS_GRADED,PENDING,,,,
1,S0039,2025秋:258960,2025秋,优化与运筹,QAPro,highest_s6,U,L2,L2,RATER_DISAGREEMENT;U_VS_GRADED,PENDING,,,,
1,S0051,2025秋:258536,2025秋,机器学习与人工智能,QAPro,baseline_s3,低,U,U,RATER_DISAGREEMENT;U_VS_GRADED,PENDING,,,,
1,S0056,2025秋:259419,2025秋,机器学习与人工智能,QAPro,highest_s6,U,L3,L3,RATER_DISAGREEMENT;U_VS_GRADED,PENDING,,,,
1,S0057,2025秋:259851,2025秋,优化与运筹,QAPro,baseline_s3,低,U,低,RATER_DISAGREEMENT;U_VS_GRADED,PENDING,,,,
1,S0057,2025秋:259851,2025秋,优化与运筹,QAPro,highest_s6,L2,U,U,RATER_DISAGREEMENT;U_VS_GRADED,PENDING,,,,
1,S0059,2025秋:258932,2025秋,图论与网络,QAPro,baseline_s3,U,中,中,RATER_DISAGREEMENT;U_VS_GRADED,PENDING,,,,
1,S0059,2025秋:258932,2025秋,图论与网络,QAPro,baseline_s6,L2,U,U,RATER_DISAGREEMENT;U_VS_GRADED,PENDING,,,,
1,S0060,2025秋:259790,2025秋,概率统计与随机过程,QAPro,highest_s6,U,L5,L2,RATER_DISAGREEMENT;U_VS_GRADED,PENDING,,,,
1,S0062,2025秋:259316,2025秋,图论与网络,QAPro,baseline_s3,U,中,中,RATER_DISAGREEMENT;U_VS_GRADED,PENDING,,,,
1,S0063,2025秋:258880,2025秋,数据处理与可视化,QAPro,highest_s6,U,L1,L1,RATER_DISAGREEMENT;U_VS_GRADED,PENDING,,,,
1,S0068,2025秋:259411,2025秋,概率统计与随机过程,QAPro,baseline_s3,U,低,U,RATER_DISAGREEMENT;U_VS_GRADED,PENDING,,,,
1,S0068,2025秋:259411,2025秋,概率统计与随机过程,QAPro,highest_s3,U,低,低,RATER_DISAGREEMENT;U_VS_GRADED,PENDING,,,,
1,S0068,2025秋:259411,2025秋,概率统计与随机过程,QAPro,highest_s6,U,L1,L1,RATER_DISAGREEMENT;U_VS_GRADED,PENDING,,,,
1,S0074,2025秋:259044,2025秋,优化与运筹,QAPro,highest_s6,U,L5,L5,RATER_DISAGREEMENT;U_VS_GRADED,PENDING,,,,
1,S0075,2025秋:258924,2025秋,概率统计与随机过程,QAPro,highest_s6,U,L6,L6,RATER_DISAGREEMENT;U_VS_GRADED,PENDING,,,,
1,S0080,2025秋:259843,2025秋,概率统计与随机过程,QAPro,highest_s6,U,L1,L1,RATER_DISAGREEMENT;U_VS_GRADED,PENDING,,,,
1,S0087,2025秋:258917,2025秋,概率统计与随机过程,QAPro,highest_s6,U,L2,U,RATER_DISAGREEMENT;U_VS_GRADED,PENDING,,,,
1,S0088,2025秋:258854,2025秋,优化与运筹,QAPro,baseline_s6,L2,U,U,RATER_DISAGREEMENT;U_VS_GRADED,PENDING,,,,
1,S0088,2025秋:258854,2025秋,优化与运筹,QAPro,highest_s6,U,L3,L3,RATER_DISAGREEMENT;U_VS_GRADED,PENDING,,,,
1,S0091,2025秋:258859,2025秋,数值计算与科学计算,QAPro,highest_s6,U,L5,L4,RATER_DISAGREEMENT;U_VS_GRADED,PENDING,,,,
1,S0092,2025秋:258912,2025秋,优化与运筹,QAPro,baseline_s3,U,低,低,RATER_DISAGREEMENT;U_VS_GRADED,PENDING,,,,
1,S0092,2025秋:258912,2025秋,优化与运筹,QAPro,highest_s6,U,L1,L1,RATER_DISAGREEMENT;U_VS_GRADED,PENDING,,,,
1,S0098,2025秋:259322,2025秋,数据处理与可视化,QAPro,highest_s6,U,L2,U,RATER_DISAGREEMENT;U_VS_GRADED,PENDING,,,,
1,S0111,2025秋:25A171,2025秋,优化与运筹,QA3,baseline_s3,低,U,U,RATER_DISAGREEMENT;U_VS_GRADED,PENDING,,,,
1,S0119,2025秋:259339,2025秋,微分方程与动态系统,QAPro,baseline_s6,L1,U,U,RATER_DISAGREEMENT;U_VS_GRADED,PENDING,,,,
1,S0127,2025秋:259019,2025秋,机器学习与人工智能,QAPro,highest_s3,U,中,U,RATER_DISAGREEMENT;U_VS_GRADED,PENDING,,,,
1,S0129,2025秋:258427,2025秋,微分方程与动态系统,QAPro,highest_s3,U,低,低,RATER_DISAGREEMENT;U_VS_GRADED,PENDING,,,,
1,S0129,2025秋:258427,2025秋,微分方程与动态系统,QAPro,highest_s6,U,L3,L2,RATER_DISAGREEMENT;U_VS_GRADED,PENDING,,,,
1,S0139,2025秋:259331,2025秋,优化与运筹,QAPro,highest_s3,U,低,U,RATER_DISAGREEMENT;U_VS_GRADED,PENDING,,,,
1,S0149,2025秋:258902,2025秋,优化与运筹,QAPro,baseline_s3,低,U,低,RATER_DISAGREEMENT;U_VS_GRADED,PENDING,,,,
1,S0159,2025秋:259001,2025秋,机器学习与人工智能,QAPro,baseline_s6,L1,U,U,RATER_DISAGREEMENT;U_VS_GRADED,PENDING,,,,
1,S0160,2025秋:259873,2025秋,机器学习与人工智能,QAPro,highest_s6,U,L2,L2,RATER_DISAGREEMENT;U_VS_GRADED,PENDING,,,,
1,S0162,2025秋:259846,2025秋,优化与运筹,QA3,baseline_s3,U,低,低,RATER_DISAGREEMENT;U_VS_GRADED,PENDING,,,,
1,S0172,2025秋:259004,2025秋,优化与运筹,QAPro,highest_s6,U,L5,L5,RATER_DISAGREEMENT;U_VS_GRADED,PENDING,,,,
1,S0175,2025秋:259385,2025秋,机器学习与人工智能,QAPro,baseline_s6,L1,U,U,RATER_DISAGREEMENT;U_VS_GRADED,PENDING,,,,
1,S0176,2025秋:259107,2025秋,机器学习与人工智能,QAPro,baseline_s6,L1,U,U,RATER_DISAGREEMENT;U_VS_GRADED,PENDING,,,,
1,S0176,2025秋:259107,2025秋,机器学习与人工智能,QAPro,highest_s6,U,L2,L2,RATER_DISAGREEMENT;U_VS_GRADED,PENDING,,,,
1,S0177,2025秋:259342,2025秋,微分方程与动态系统,QAPro,highest_s6,U,L4,L4,RATER_DISAGREEMENT;U_VS_GRADED,PENDING,,,,
1,S0181,2025秋:259430,2025秋,优化与运筹,QAPro,baseline_s6,L2,U,L2,RATER_DISAGREEMENT;U_VS_GRADED,PENDING,,,,
1,S0181,2025秋:259430,2025秋,优化与运筹,QAPro,highest_s6,U,L2,L2,RATER_DISAGREEMENT;U_VS_GRADED,PENDING,,,,
1,S0182,2025秋:259848,2025秋,优化与运筹,QAPro,baseline_s6,L1,U,U,RATER_DISAGREEMENT;U_VS_GRADED,PENDING,,,,
1,S0182,2025秋:259848,2025秋,优化与运筹,QAPro,highest_s6,U,L2,U,RATER_DISAGREEMENT;U_VS_GRADED,PENDING,,,,
1,S0183,2025秋:259958,2025秋,数值计算与科学计算,QAPro,highest_s6,U,L5,L5,RATER_DISAGREEMENT;U_VS_GRADED,PENDING,,,,
1,S0185,2025秋:258958,2025秋,优化与运筹,QAPro,highest_s6,U,L1,L1,RATER_DISAGREEMENT;U_VS_GRADED,PENDING,,,,
1,S0187,2025秋:259437,2025秋,数值计算与科学计算,QAPro,highest_s6,U,L5,L5,RATER_DISAGREEMENT;U_VS_GRADED,PENDING,,,,
1,S0190,2025秋:258888,2025秋,优化与运筹,QAPro,baseline_s3,低,U,低,RATER_DISAGREEMENT;U_VS_GRADED,PENDING,,,,
1,S0190,2025秋:258888,2025秋,优化与运筹,QAPro,baseline_s6,U,L3,U,RATER_DISAGREEMENT;U_VS_GRADED,PENDING,,,,
1,S0190,2025秋:258888,2025秋,优化与运筹,QAPro,highest_s6,U,L2,L2,RATER_DISAGREEMENT;U_VS_GRADED,PENDING,,,,
1,S0193,2025秋:259419,2025秋,机器学习与人工智能,QAPro,highest_s3,U,低,低,RATER_DISAGREEMENT;U_VS_GRADED,PENDING,,,,
1,S0193,2025秋:259419,2025秋,机器学习与人工智能,QAPro,highest_s6,U,L1,L1,RATER_DISAGREEMENT;U_VS_GRADED,PENDING,,,,
1,S0194,2025秋:259877,2025秋,图论与网络,QAPro,highest_s6,U,L2,L2,RATER_DISAGREEMENT;U_VS_GRADED,PENDING,,,,
1,S0196,2025秋:258937,2025秋,数值计算与科学计算,QAPro,highest_s6,U,L1,L1,RATER_DISAGREEMENT;U_VS_GRADED,PENDING,,,,
1,S0197,2025秋:259929,2025秋,微分方程与动态系统,QAPro,highest_s6,U,L2,U,RATER_DISAGREEMENT;U_VS_GRADED,PENDING,,,,
1,S0201,2025秋:25A168,2025秋,优化与运筹,QAPro,highest_s6,U,L5,L5,RATER_DISAGREEMENT;U_VS_GRADED,PENDING,,,,
1,S0203,2025秋:259016,2025秋,数据处理与可视化,QAPro,highest_s6,U,L5,L5,RATER_DISAGREEMENT;U_VS_GRADED,PENDING,,,,
1,S0204,2025秋:259112,2025秋,优化与运筹,QAPro,highest_s6,U,L4,L4,RATER_DISAGREEMENT;U_VS_GRADED,PENDING,,,,
1,S0205,2025秋:25A153,2025秋,图论与网络,QAPro,highest_s6,U,L2,U,RATER_DISAGREEMENT;U_VS_GRADED,PENDING,,,,
1,S0206,2025秋:253459,2025秋,优化与运筹,QAPro,highest_s6,U,L5,L3,RATER_DISAGREEMENT;U_VS_GRADED,PENDING,,,,
1,S0207,2025秋:258906,2025秋,概率统计与随机过程,QAPro,highest_s6,U,L5,L5,RATER_DISAGREEMENT;U_VS_GRADED,PENDING,,,,
1,S0208,2025秋:25A145,2025秋,微分方程与动态系统,QAPro,highest_s6,U,L3,L3,RATER_DISAGREEMENT;U_VS_GRADED,PENDING,,,,
1,S0209,2025秋:259902,2025秋,机器学习与人工智能,QAPro,baseline_s6,U,L1,U,RATER_DISAGREEMENT;U_VS_GRADED,PENDING,,,,
1,S0209,2025秋:259902,2025秋,机器学习与人工智能,QAPro,highest_s6,U,L2,L2,RATER_DISAGREEMENT;U_VS_GRADED,PENDING,,,,
1,S0210,2025秋:259161,2025秋,微分方程与动态系统,QAPro,highest_s6,U,L5,L5,RATER_DISAGREEMENT;U_VS_GRADED,PENDING,,,,
1,S0212,2025秋:259897,2025秋,数值计算与科学计算；概率统计与随机过程,QAPro,highest_s6,U,L5,L5,RATER_DISAGREEMENT;U_VS_GRADED,PENDING,,,,
1,S0213,2025秋:259034,2025秋,其他领域,QAPro,highest_s6,U,L2,L2,RATER_DISAGREEMENT;U_VS_GRADED,PENDING,,,,
1,S0214,2025秋:25A070,2025秋,机器学习与人工智能,QAPro,highest_s6,U,L5,L5,RATER_DISAGREEMENT;U_VS_GRADED,PENDING,,,,
1,S0215,2025秋:259416,2025秋,其他领域,QAPro,highest_s6,U,L5,L5,RATER_DISAGREEMENT;U_VS_GRADED,PENDING,,,,
1,S0216,2025秋:25A168,2025秋,其他领域,QAPro,highest_s6,U,L4,L4,RATER_DISAGREEMENT;U_VS_GRADED,PENDING,,,,
1,S0219,2025秋:259405,2025秋,优化与运筹,QAPro,highest_s6,U,L2,L1,RATER_DISAGREEMENT;U_VS_GRADED,PENDING,,,,
1,S0220,2025秋:259869,2025秋,数学建模综合与案例,QAPro,highest_s6,U,L6,L6,RATER_DISAGREEMENT;U_VS_GRADED,PENDING,,,,
1,S0223,2025秋:259116,2025秋,机器学习与人工智能,QAPro,highest_s6,U,L5,L5,RATER_DISAGREEMENT;U_VS_GRADED,PENDING,,,,
1,S0224,2025秋:259004,2025秋,优化与运筹,QAPro,highest_s6,U,L3,L3,RATER_DISAGREEMENT;U_VS_GRADED,PENDING,,,,
1,S0225,2025秋:259022,2025秋,其他领域,QAPro,highest_s6,U,L4,L4,RATER_DISAGREEMENT;U_VS_GRADED,PENDING,,,,
1,S0226,2025秋:258867,2025秋,优化与运筹,QAPro,highest_s6,U,L2,L2,RATER_DISAGREEMENT;U_VS_GRADED,PENDING,,,,
1,S0228,2025秋:25P028,2025秋,其他领域,QAPro,highest_s6,U,L5,L5,RATER_DISAGREEMENT;U_VS_GRADED,PENDING,,,,
1,S0230,2025秋:259324,2025秋,机器学习与人工智能,QAPro,baseline_s6,U,L2,U,RATER_DISAGREEMENT;U_VS_GRADED,PENDING,,,,
1,S0232,2025秋:258858,2025秋,优化与运筹,QAPro,highest_s6,U,L5,L4,RATER_DISAGREEMENT;U_VS_GRADED,PENDING,,,,
1,S0234,2025秋:258856,2025秋,优化与运筹,QAPro,highest_s6,U,L5,L2,RATER_DISAGREEMENT;U_VS_GRADED,PENDING,,,,
1,S0241,2025秋:259943,2025秋,优化与运筹,QAPro,highest_s6,U,L2,U,RATER_DISAGREEMENT;U_VS_GRADED,PENDING,,,,
1,S0244,2025秋:259917,2025秋,机器学习与人工智能,QAPro,baseline_s6,U,L1,L1,RATER_DISAGREEMENT;U_VS_GRADED,PENDING,,,,
1,S0244,2025秋:259917,2025秋,机器学习与人工智能,QAPro,highest_s6,U,L2,L2,RATER_DISAGREEMENT;U_VS_GRADED,PENDING,,,,
1,S0246,2025秋:25A086,2025秋,概率统计与随机过程,QAPro,highest_s6,U,L2,L2,RATER_DISAGREEMENT;U_VS_GRADED,PENDING,,,,
1,S0248,2025秋:252265,2025秋,机器学习与人工智能,QAPro,highest_s6,U,L4,L4,RATER_DISAGREEMENT;U_VS_GRADED,PENDING,,,,
1,S0250,2025秋:259442,2025秋,数学建模综合与案例,QAPro,highest_s6,U,L4,L4,RATER_DISAGREEMENT;U_VS_GRADED,PENDING,,,,
1,S0252,2025秋:259434,2025秋,概率统计与随机过程,QA3,baseline_s3,低,U,U,RATER_DISAGREEMENT;U_VS_GRADED,PENDING,,,,
1,S0256,2025秋:25A146,2025秋,图论与网络,QAPro,highest_s6,U,L4,L4,RATER_DISAGREEMENT;U_VS_GRADED,PENDING,,,,
1,S0258,2025秋:25A171,2025秋,微分方程与动态系统,QAPro,highest_s6,U,L3,L3,RATER_DISAGREEMENT;U_VS_GRADED,PENDING,,,,
1,S0259,2025秋:258268,2025秋,图论与网络,QAPro,highest_s6,U,L2,L2,RATER_DISAGREEMENT;U_VS_GRADED,PENDING,,,,
1,S0261,2025秋:258933,2025秋,优化与运筹,QAPro,baseline_s3,低,U,U,RATER_DISAGREEMENT;U_VS_GRADED,PENDING,,,,
1,S0262,2025秋:259887,2025秋,优化与运筹,QA3,baseline_s6,U,L1,U,RATER_DISAGREEMENT;U_VS_GRADED,PENDING,,,,
1,S0269,2025秋:258907,2025秋,优化与运筹,QAPro,highest_s6,U,L1,L1,RATER_DISAGREEMENT;U_VS_GRADED,PENDING,,,,
1,S0271,2025秋:259927,2025秋,机器学习与人工智能,QAPro,highest_s6,U,L2,L2,RATER_DISAGREEMENT;U_VS_GRADED,PENDING,,,,
1,S0274,2025秋:259854,2025秋,机器学习与人工智能,QAPro,baseline_s6,L1,U,U,RATER_DISAGREEMENT;U_VS_GRADED,PENDING,,,,
1,S0284,2025秋:258971,2025秋,优化与运筹,QA3,baseline_s3,低,U,U,RATER_DISAGREEMENT;U_VS_GRADED,PENDING,,,,
1,S0287,2025秋:258918,2025秋,优化与运筹,QAPro,baseline_s3,低,U,低,RATER_DISAGREEMENT;U_VS_GRADED,PENDING,,,,
1,S0291,2025秋:259101,2025秋,优化与运筹,QAPro,baseline_s3,低,U,低,RATER_DISAGREEMENT;U_VS_GRADED,PENDING,,,,
1,S0292,2025秋:258908,2025秋,优化与运筹,QAPro,highest_s6,U,L1,U,RATER_DISAGREEMENT;U_VS_GRADED,PENDING,,,,
1,S0302,2025秋:258932,2025秋,概率统计与随机过程,QA3,baseline_s3,低,U,U,RATER_DISAGREEMENT;U_VS_GRADED,PENDING,,,,
1,S0304,2025秋:259931,2025秋,优化与运筹,QAPro,baseline_s3,低,U,U,RATER_DISAGREEMENT;U_VS_GRADED,PENDING,,,,
1,S0304,2025秋:259931,2025秋,优化与运筹,QAPro,baseline_s6,L1,U,U,RATER_DISAGREEMENT;U_VS_GRADED,PENDING,,,,
1,S0311,2025秋:25A134,2025秋,概率统计与随机过程,QAPro,baseline_s3,中,U,低,RATER_DISAGREEMENT;U_VS_GRADED,PENDING,,,,
1,S0311,2025秋:25A134,2025秋,概率统计与随机过程,QAPro,baseline_s6,U,L3,L3,RATER_DISAGREEMENT;U_VS_GRADED,PENDING,,,,
1,S0324,2025秋:258433,2025秋,数学基础,QAPro,baseline_s3,低,U,U,RATER_DISAGREEMENT;U_VS_GRADED,PENDING,,,,
1,S0324,2025秋:258433,2025秋,数学基础,QAPro,baseline_s6,U,L2,U,RATER_DISAGREEMENT;U_VS_GRADED,PENDING,,,,
1,S0333,2025秋:248797,2025秋,机器学习与人工智能；评价与决策,QAPro,baseline_s6,U,L2,U,RATER_DISAGREEMENT;U_VS_GRADED,PENDING,,,,
1,S0335,2025秋:258521,2025秋,概率统计与随机过程,QAPro,highest_s3,低,U,U,RATER_DISAGREEMENT;U_VS_GRADED,PENDING,,,,
1,S0335,2025秋:258521,2025秋,概率统计与随机过程,QAPro,highest_s6,L1,U,U,RATER_DISAGREEMENT;U_VS_GRADED,PENDING,,,,
1,S0336,2025秋:258903,2025秋,优化与运筹,QAPro,baseline_s3,低,U,U,RATER_DISAGREEMENT;U_VS_GRADED,PENDING,,,,
1,S0336,2025秋:258903,2025秋,优化与运筹,QAPro,baseline_s6,L1,U,U,RATER_DISAGREEMENT;U_VS_GRADED,PENDING,,,,
1,S0337,2025秋:258960,2025秋,优化与运筹,QAPro,highest_s6,L1,U,U,RATER_DISAGREEMENT;U_VS_GRADED,PENDING,,,,
1,S0347,2025秋:259053,2025秋,概率统计与随机过程,QAPro,baseline_s3,低,U,U,RATER_DISAGREEMENT;U_VS_GRADED,PENDING,,,,
1,S0352,2025秋:243705,2025秋,概率统计与随机过程,QA3,baseline_s3,低,U,U,RATER_DISAGREEMENT;U_VS_GRADED,PENDING,,,,
1,S0352,2025秋:243705,2025秋,概率统计与随机过程,QA3,baseline_s6,L1,U,U,RATER_DISAGREEMENT;U_VS_GRADED,PENDING,,,,
1,S0353,2025秋:258931,2025秋,优化与运筹,QAPro,baseline_s3,中,U,U,RATER_DISAGREEMENT;U_VS_GRADED,PENDING,,,,
1,S0353,2025秋:258931,2025秋,优化与运筹,QAPro,baseline_s6,L2,U,U,RATER_DISAGREEMENT;U_VS_GRADED,PENDING,,,,
1,S0362,2025秋:258907,2025秋,优化与运筹,QAPro,baseline_s3,低,U,U,RATER_DISAGREEMENT;U_VS_GRADED,PENDING,,,,
1,S0362,2025秋:258907,2025秋,优化与运筹,QAPro,baseline_s6,L2,U,U,RATER_DISAGREEMENT;U_VS_GRADED,PENDING,,,,
1,S0370,2025秋:243705,2025秋,数据处理与可视化,QA3,baseline_s3,低,U,U,RATER_DISAGREEMENT;U_VS_GRADED,PENDING,,,,
1,S0388,2025秋:259037,2025秋,数学建模综合与案例,QAPro,baseline_s3,低,U,U,RATER_DISAGREEMENT;U_VS_GRADED,PENDING,,,,
1,S0388,2025秋:259037,2025秋,数学建模综合与案例,QAPro,baseline_s6,L1,U,U,RATER_DISAGREEMENT;U_VS_GRADED,PENDING,,,,
1,S0389,2025秋:258978,2025秋,优化与运筹,QA3,baseline_s3,低,U,U,RATER_DISAGREEMENT;U_VS_GRADED,PENDING,,,,
1,S0401,2025秋:259858,2025秋,优化与运筹；其他领域,QAPro,highest_s3,低,U,U,RATER_DISAGREEMENT;U_VS_GRADED,PENDING,,,,
1,S0402,2025秋:259857,2025秋,概率统计与随机过程,QAPro,baseline_s3,低,U,U,RATER_DISAGREEMENT;U_VS_GRADED,PENDING,,,,
1,S0425,2025秋:259790,2025秋,优化与运筹,QA3,baseline_s6,U,L2,L2,RATER_DISAGREEMENT;U_VS_GRADED,PENDING,,,,
1,S0426,2025秋:259059,2025秋,优化与运筹,QAPro,baseline_s6,U,L3,U,RATER_DISAGREEMENT;U_VS_GRADED,PENDING,,,,
1,S0431,2025秋:258951,2025秋,优化与运筹,QAPro,baseline_s6,U,L3,U,RATER_DISAGREEMENT;U_VS_GRADED,PENDING,,,,
1,S0432,2025秋:259778,2025秋,优化与运筹,QAPro,baseline_s6,U,L3,L1,RATER_DISAGREEMENT;U_VS_GRADED,PENDING,,,,
1,S0438,2025秋:258890,2025秋,机器学习与人工智能,QAPro,baseline_s6,U,L3,L1,RATER_DISAGREEMENT;U_VS_GRADED,PENDING,,,,
1,S0447,2025秋:259867,2025秋,概率统计与随机过程,QAPro,baseline_s3,低,U,U,RATER_DISAGREEMENT;U_VS_GRADED,PENDING,,,,
1,S0447,2025秋:259867,2025秋,概率统计与随机过程,QAPro,baseline_s6,U,L3,U,RATER_DISAGREEMENT;U_VS_GRADED,PENDING,,,,
1,S0454,2025秋:259426,2025秋,优化与运筹,QAPro,baseline_s3,低,U,U,RATER_DISAGREEMENT;U_VS_GRADED,PENDING,,,,
1,S0460,2025秋:258900,2025秋,优化与运筹,QAPro,baseline_s3,低,U,低,RATER_DISAGREEMENT;U_VS_GRADED,PENDING,,,,
1,S0460,2025秋:258900,2025秋,优化与运筹,QAPro,baseline_s6,U,L1,L1,RATER_DISAGREEMENT;U_VS_GRADED,PENDING,,,,
1,S0464,2025秋:259021,2025秋,优化与运筹,QAPro,baseline_s6,U,L3,U,RATER_DISAGREEMENT;U_VS_GRADED,PENDING,,,,
1,S0466,2025秋:260001,2025秋,微分方程与动态系统,QAPro,baseline_s6,U,L3,L1,RATER_DISAGREEMENT;U_VS_GRADED,PENDING,,,,
1,S0470,2025秋:258522,2025秋,其他领域,QAPro,baseline_s6,U,L3,L1,RATER_DISAGREEMENT;U_VS_GRADED,PENDING,,,,
1,S0474,2025秋:259785,2025秋,数据处理与可视化,QA3,baseline_s6,L2,U,U,RATER_DISAGREEMENT;U_VS_GRADED,PENDING,,,,
1,S0475,2025秋:257174,2025秋,优化与运筹,QAPro,baseline_s6,L2,U,U,RATER_DISAGREEMENT;U_VS_GRADED,PENDING,,,,
1,S0481,2025秋:259451,2025秋,优化与运筹,QAPro,baseline_s3,低,U,U,RATER_DISAGREEMENT;U_VS_GRADED,PENDING,,,,
1,S0481,2025秋:259451,2025秋,优化与运筹,QAPro,baseline_s6,U,L3,U,RATER_DISAGREEMENT;U_VS_GRADED,PENDING,,,,
1,S0484,2025秋:258865,2025秋,图论与网络,QAPro,highest_s6,U,L1,L1,RATER_DISAGREEMENT;U_VS_GRADED,PENDING,,,,
1,S0487,2025秋:259346,2025秋,评价与决策,QA3,baseline_s6,U,L2,U,RATER_DISAGREEMENT;U_VS_GRADED,PENDING,,,,
1,S0491,2025秋:258990,2025秋,概率统计与随机过程,QAPro,baseline_s6,U,L3,L1,RATER_DISAGREEMENT;U_VS_GRADED,PENDING,,,,
1,S0494,2025秋:259097,2025秋,机器学习与人工智能,QAPro,highest_s3,U,高,高,RATER_DISAGREEMENT;U_VS_GRADED,PENDING,,,,
1,S0494,2025秋:259097,2025秋,机器学习与人工智能,QAPro,highest_s6,U,L3,L3,RATER_DISAGREEMENT;U_VS_GRADED,PENDING,,,,
1,S0497,2025秋:259442,2025秋,数学建模综合与案例,QAPro,baseline_s6,U,L1,L1,RATER_DISAGREEMENT;U_VS_GRADED,PENDING,,,,
1,S0499,2025秋:259393,2025秋,机器学习与人工智能,QAPro,baseline_s3,中,U,U,RATER_DISAGREEMENT;U_VS_GRADED,PENDING,,,,
1,S0500,2025秋:259431,2025秋,优化与运筹,QAPro,baseline_s6,L2,U,U,RATER_DISAGREEMENT;U_VS_GRADED,PENDING,,,,
1,S0501,2025秋:259452,2025秋,数值计算与科学计算,QAPro,baseline_s6,U,L3,L1,RATER_DISAGREEMENT;U_VS_GRADED,PENDING,,,,
1,S0502,2025秋:248829,2025秋,概率统计与随机过程,QAPro,baseline_s3,低,U,U,RATER_DISAGREEMENT;U_VS_GRADED,PENDING,,,,
1,S0511,2025秋:259052,2025秋,优化与运筹,QAPro,baseline_s6,U,L6,U,RATER_DISAGREEMENT;U_VS_GRADED,PENDING,,,,
1,S0523,2025秋:25A153,2025秋,机器学习与人工智能,QA3,baseline_s6,U,L1,U,RATER_DISAGREEMENT;U_VS_GRADED,PENDING,,,,
1,S0540,2025秋:258881,2025秋,机器学习与人工智能,QA3,baseline_s6,U,L2,L2,RATER_DISAGREEMENT;U_VS_GRADED,PENDING,,,,
1,S0542,2025秋:248797,2025秋,数学基础；机器学习与人工智能,QAPro,highest_s3,中,U,中,RATER_DISAGREEMENT;U_VS_GRADED,PENDING,,,,
1,S0545,2025秋:25A070,2025秋,优化与运筹,QAPro,highest_s6,U,L2,L1,RATER_DISAGREEMENT;U_VS_GRADED,PENDING,,,,
1,S0549,2025秋:259425,2025秋,机器学习与人工智能,QAPro,highest_s6,U,L2,L2,RATER_DISAGREEMENT;U_VS_GRADED,PENDING,,,,
1,S0598,2025秋:259448,2025秋,机器学习与人工智能；概率统计与随机过程,QAPro,baseline_s3,U,低,U,RATER_DISAGREEMENT;U_VS_GRADED,PENDING,,,,
1,S0598,2025秋:259448,2025秋,机器学习与人工智能；概率统计与随机过程,QAPro,highest_s6,U,L1,U,RATER_DISAGREEMENT;U_VS_GRADED,PENDING,,,,
1,S0666,2025秋:258440,2025秋,机器学习与人工智能,QAPro,baseline_s6,U,L4,L2,RATER_DISAGREEMENT;U_VS_GRADED,PENDING,,,,
1,S0667,2025秋:258431,2025秋,优化与运筹,QAPro,baseline_s6,U,L5,L5,RATER_DISAGREEMENT;U_VS_GRADED,PENDING,,,,
1,S0672,2025秋:259346,2025秋,优化与运筹,QAPro,baseline_s3,U,中,中,RATER_DISAGREEMENT;U_VS_GRADED,PENDING,,,,
1,S0672,2025秋:259346,2025秋,优化与运筹,QAPro,baseline_s6,U,L2,L2,RATER_DISAGREEMENT;U_VS_GRADED,PENDING,,,,
1,S0672,2025秋:259346,2025秋,优化与运筹,QAPro,highest_s6,U,L2,L2,RATER_DISAGREEMENT;U_VS_GRADED,PENDING,,,,
1,S0744,2025秋:259325,2025秋,优化与运筹,QAPro,baseline_s3,U,高,高,RATER_DISAGREEMENT;U_VS_GRADED,PENDING,,,,
1,S0744,2025秋:259325,2025秋,优化与运筹,QAPro,baseline_s6,U,L4,L4,RATER_DISAGREEMENT;U_VS_GRADED,PENDING,,,,
1,S0744,2025秋:259325,2025秋,优化与运筹,QAPro,highest_s6,L4,U,L4,RATER_DISAGREEMENT;U_VS_GRADED,PENDING,,,,
1,S0818,2026春:250695,2026春,数学基础,QAPro,baseline_s6,U,L1,L1,RATER_DISAGREEMENT;U_VS_GRADED,PENDING,,,,
1,S0824,2026春:250845,2026春,数据处理与可视化,QA3,baseline_s3,U,低,低,RATER_DISAGREEMENT;U_VS_GRADED,PENDING,,,,
1,S0824,2026春:250845,2026春,数据处理与可视化,QA3,baseline_s6,U,L1,U,RATER_DISAGREEMENT;U_VS_GRADED,PENDING,,,,
1,S0825,2026春:250845,2026春,数学建模综合与案例,QAPro,baseline_s6,U,L2,L1,RATER_DISAGREEMENT;U_VS_GRADED,PENDING,,,,
1,S0825,2026春:250845,2026春,数学建模综合与案例,QAPro,highest_s3,高,U,高,RATER_DISAGREEMENT;U_VS_GRADED,PENDING,,,,
1,S0828,2026春:250868,2026春,优化与运筹,QAPro,baseline_s3,U,低,低,RATER_DISAGREEMENT;U_VS_GRADED,PENDING,,,,
1,S0828,2026春:250868,2026春,优化与运筹,QAPro,baseline_s6,U,L1,U,RATER_DISAGREEMENT;U_VS_GRADED,PENDING,,,,
1,S0831,2026春:258855,2026春,图论与网络,QAPro,baseline_s3,U,低,U,RATER_DISAGREEMENT;U_VS_GRADED,PENDING,,,,
1,S0831,2026春:258855,2026春,图论与网络,QAPro,baseline_s6,U,L1,U,RATER_DISAGREEMENT;U_VS_GRADED,PENDING,,,,
1,S0831,2026春:258855,2026春,图论与网络,QAPro,highest_s3,U,低,低,RATER_DISAGREEMENT;U_VS_GRADED,PENDING,,,,
1,S0838,2026春:258955,2026春,优化与运筹,QAPro,baseline_s6,U,L1,L1,RATER_DISAGREEMENT;U_VS_GRADED,PENDING,,,,
1,S0844,2026春:259406,2026春,数学建模综合与案例；机器学习与人工智能,QA3,baseline_s6,U,L2,L2,RATER_DISAGREEMENT;U_VS_GRADED,PENDING,,,,
1,S0850,2026春:259443,2026春,优化与运筹,QAPro,baseline_s6,U,L1,L1,RATER_DISAGREEMENT;U_VS_GRADED,PENDING,,,,
1,S0855,2026春:259773,2026春,数据处理与可视化,QAPro,highest_s6,U,L1,U,RATER_DISAGREEMENT;U_VS_GRADED,PENDING,,,,
1,S0868,2026春:25A071,2026春,图论与网络,QAPro,baseline_s6,U,L1,L1,RATER_DISAGREEMENT;U_VS_GRADED,PENDING,,,,
1,S0881,2026春:268109,2026春,优化与运筹,QA3,baseline_s3,U,中,U,RATER_DISAGREEMENT;U_VS_GRADED,PENDING,,,,
1,S0889,2026春:268112,2026春,优化与运筹,QAPro,baseline_s6,U,L1,L1,RATER_DISAGREEMENT;U_VS_GRADED,PENDING,,,,
1,S0910,2026春:268121,2026春,机器学习与人工智能,QAPro,highest_s6,U,L2,U,RATER_DISAGREEMENT;U_VS_GRADED,PENDING,,,,
1,S0912,2026春:268121,2026春,学习过程与工具使用；概率统计与随机过程,QAPro,highest_s3,低,U,低,RATER_DISAGREEMENT;U_VS_GRADED,PENDING,,,,
1,S0923,2026春:268123,2026春,数据处理与可视化,QA3,baseline_s6,U,L1,U,RATER_DISAGREEMENT;U_VS_GRADED,PENDING,,,,
1,S0931,2026春:268126,2026春,机器学习与人工智能,QAPro,baseline_s6,U,L2,L2,RATER_DISAGREEMENT;U_VS_GRADED,PENDING,,,,
1,S0956,2026春:268139,2026春,概率统计与随机过程,QAPro,baseline_s6,U,L1,L1,RATER_DISAGREEMENT;U_VS_GRADED,PENDING,,,,
1,S0963,2026春:268140,2026春,学习过程与工具使用；机器学习与人工智能,QAPro,highest_s6,L3,U,L2,RATER_DISAGREEMENT;U_VS_GRADED,PENDING,,,,
1,S0968,2026春:268143,2026春,其他领域；数学建模综合与案例；概率统计与随机过程,QAPro,highest_s3,U,中,U,RATER_DISAGREEMENT;U_VS_GRADED,PENDING,,,,
1,S0968,2026春:268143,2026春,其他领域；数学建模综合与案例；概率统计与随机过程,QAPro,highest_s6,U,L2,L2,RATER_DISAGREEMENT;U_VS_GRADED,PENDING,,,,
1,S0985,2026春:268144,2026春,数学建模综合与案例,QA3,baseline_s3,U,低,低,RATER_DISAGREEMENT;U_VS_GRADED,PENDING,,,,
1,S0988,2026春:268145,2026春,概率统计与随机过程,QAPro,baseline_s3,低,U,U,RATER_DISAGREEMENT;U_VS_GRADED,PENDING,,,,
1,S0997,2026春:268147,2026春,其他领域,QAPro,baseline_s6,U,L1,L1,RATER_DISAGREEMENT;U_VS_GRADED,PENDING,,,,
1,S1007,2026春:268151,2026春,优化与运筹；学习过程与工具使用,QAPro,baseline_s3,中,U,中,RATER_DISAGREEMENT;U_VS_GRADED,PENDING,,,,
1,S1007,2026春:268151,2026春,优化与运筹；学习过程与工具使用,QAPro,baseline_s6,U,L1,L1,RATER_DISAGREEMENT;U_VS_GRADED,PENDING,,,,
1,S1074,2026春:268195,2026春,机器学习与人工智能,QAPro,highest_s6,U,L3,U,RATER_DISAGREEMENT;U_VS_GRADED,PENDING,,,,
1,S1081,2026春:268195,2026春,数学建模综合与案例,QA3,baseline_s3,U,低,U,RATER_DISAGREEMENT;U_VS_GRADED,PENDING,,,,
1,S1081,2026春:268195,2026春,数学建模综合与案例,QA3,baseline_s6,U,L1,L1,RATER_DISAGREEMENT;U_VS_GRADED,PENDING,,,,
1,S1085,2026春:268206,2026春,数值计算与科学计算；数学建模综合与案例；机器学习与人工智能,QAPro,baseline_s6,U,L1,L1,RATER_DISAGREEMENT;U_VS_GRADED,PENDING,,,,
1,S1092,2026春:268216,2026春,数据处理与可视化,QAPro,baseline_s3,U,低,U,RATER_DISAGREEMENT;U_VS_GRADED,PENDING,,,,
1,S1092,2026春:268216,2026春,数据处理与可视化,QAPro,highest_s3,U,低,U,RATER_DISAGREEMENT;U_VS_GRADED,PENDING,,,,
1,S1092,2026春:268216,2026春,数据处理与可视化,QAPro,highest_s6,U,L1,U,RATER_DISAGREEMENT;U_VS_GRADED,PENDING,,,,
1,S1094,2026春:268219,2026春,学习过程与工具使用,QAPro,baseline_s6,U,L1,L1,RATER_DISAGREEMENT;U_VS_GRADED,PENDING,,,,
1,S1094,2026春:268219,2026春,学习过程与工具使用,QAPro,highest_s3,U,低,中,RATER_DISAGREEMENT;U_VS_GRADED,PENDING,,,,
1,S1094,2026春:268219,2026春,学习过程与工具使用,QAPro,highest_s6,U,L2,L2,RATER_DISAGREEMENT;U_VS_GRADED,PENDING,,,,
1,S1112,2026春:268240,2026春,微分方程与动态系统,QA3,baseline_s6,L1,U,U,RATER_DISAGREEMENT;U_VS_GRADED,PENDING,,,,
1,S1122,2026春:268241,2026春,数学建模综合与案例；概率统计与随机过程,QA3,baseline_s6,U,L1,L1,RATER_DISAGREEMENT;U_VS_GRADED,PENDING,,,,
1,S1123,2026春:268241,2026春,数学建模综合与案例,QA3,baseline_s6,U,L1,L1,RATER_DISAGREEMENT;U_VS_GRADED,PENDING,,,,
1,S1132,2026春:268246,2026春,机器学习与人工智能,QAPro,baseline_s3,U,低,低,RATER_DISAGREEMENT;U_VS_GRADED,PENDING,,,,
1,S1132,2026春:268246,2026春,机器学习与人工智能,QAPro,baseline_s6,U,L1,U,RATER_DISAGREEMENT;U_VS_GRADED,PENDING,,,,
1,S1132,2026春:268246,2026春,机器学习与人工智能,QAPro,highest_s3,U,低,低,RATER_DISAGREEMENT;U_VS_GRADED,PENDING,,,,
1,S1133,2026春:268246,2026春,机器学习与人工智能,QAPro,baseline_s6,U,L4,L4,RATER_DISAGREEMENT;U_VS_GRADED,PENDING,,,,
1,S1137,2026春:268247,2026春,机器学习与人工智能,QAPro,highest_s3,U,中,中,RATER_DISAGREEMENT;U_VS_GRADED,PENDING,,,,
1,S1137,2026春:268247,2026春,机器学习与人工智能,QAPro,highest_s6,U,L2,U,RATER_DISAGREEMENT;U_VS_GRADED,PENDING,,,,
1,S1141,2026春:268247,2026春,其他领域；概率统计与随机过程,QAPro,highest_s3,低,U,低,RATER_DISAGREEMENT;U_VS_GRADED,PENDING,,,,
1,S1141,2026春:268247,2026春,其他领域；概率统计与随机过程,QAPro,highest_s6,U,L1,U,RATER_DISAGREEMENT;U_VS_GRADED,PENDING,,,,
1,S1147,2026春:268248,2026春,机器学习与人工智能,QAPro,baseline_s3,低,U,U,RATER_DISAGREEMENT;U_VS_GRADED,PENDING,,,,
1,S1150,2026春:268249,2026春,数据处理与可视化,QAPro,baseline_s3,U,低,U,RATER_DISAGREEMENT;U_VS_GRADED,PENDING,,,,
1,S1150,2026春:268249,2026春,数据处理与可视化,QAPro,baseline_s6,U,L1,U,RATER_DISAGREEMENT;U_VS_GRADED,PENDING,,,,
1,S1150,2026春:268249,2026春,数据处理与可视化,QAPro,highest_s6,U,L1,U,RATER_DISAGREEMENT;U_VS_GRADED,PENDING,,,,
1,S1154,2026春:268251,2026春,机器学习与人工智能,QAPro,highest_s3,U,低,U,RATER_DISAGREEMENT;U_VS_GRADED,PENDING,,,,
1,S1176,2026春:268255,2026春,优化与运筹,QAPro,baseline_s6,U,L1,L1,RATER_DISAGREEMENT;U_VS_GRADED,PENDING,,,,
1,S1188,2026春:268290,2026春,机器学习与人工智能,QAPro,highest_s6,U,L1,U,RATER_DISAGREEMENT;U_VS_GRADED,PENDING,,,,
1,S1200,2026春:268444,2026春,优化与运筹,QA3,baseline_s6,L1,U,U,RATER_DISAGREEMENT;U_VS_GRADED,PENDING,,,,
1,S1204,2026春:268457,2026春,学习过程与工具使用；数值计算与科学计算,QAPro,baseline_s3,U,中,U,RATER_DISAGREEMENT;U_VS_GRADED,PENDING,,,,
1,S1205,2026春:268498,2026春,数学建模综合与案例,QA3,baseline_s3,中,U,U,RATER_DISAGREEMENT;U_VS_GRADED,PENDING,,,,
1,S1227,2026春:268507,2026春,机器学习与人工智能,QAPro,baseline_s3,低,U,U,RATER_DISAGREEMENT;U_VS_GRADED,PENDING,,,,
1,S1240,2026春:268518,2026春,微分方程与动态系统,QAPro,highest_s6,U,L1,U,RATER_DISAGREEMENT;U_VS_GRADED,PENDING,,,,
1,S1244,2026春:268520,2026春,数学建模综合与案例,QAPro,baseline_s6,U,L2,L5,RATER_DISAGREEMENT;U_VS_GRADED,PENDING,,,,
1,S1244,2026春:268520,2026春,数学建模综合与案例,QAPro,highest_s3,U,高,高,RATER_DISAGREEMENT;U_VS_GRADED,PENDING,,,,
1,S1284,2026春:268543,2026春,数据处理与可视化,QAPro,baseline_s3,U,低,U,RATER_DISAGREEMENT;U_VS_GRADED,PENDING,,,,
2,S0003,2025秋:259317,2025秋,数值计算与科学计算,QAPro,baseline_s6,L2,L5,L5,RATER_DISAGREEMENT,PENDING,,,,
2,S0005,2025秋:259106,2025秋,优化与运筹,QAPro,baseline_s3,中,高,高,RATER_DISAGREEMENT,PENDING,,,,
2,S0005,2025秋:259106,2025秋,优化与运筹,QAPro,baseline_s6,L2,L4,L2,RATER_DISAGREEMENT,PENDING,,,,
2,S0014,2025秋:258921,2025秋,概率统计与随机过程,QAPro,highest_s3,低,中,中,RATER_DISAGREEMENT,PENDING,,,,
2,S0015,2025秋:258953,2025秋,数据处理与可视化,QAPro,baseline_s6,L2,L4,L4,RATER_DISAGREEMENT,PENDING,,,,
2,S0015,2025秋:258953,2025秋,数据处理与可视化,QAPro,highest_s6,L2,L5,L5,RATER_DISAGREEMENT,PENDING,,,,
2,S0017,2025秋:259039,2025秋,优化与运筹,QAPro,baseline_s6,L1,L2,L2,RATER_DISAGREEMENT,PENDING,,,,
2,S0021,2025秋:258917,2025秋,优化与运筹,QAPro,baseline_s6,L1,L2,L2,RATER_DISAGREEMENT,PENDING,,,,
2,S0022,2025秋:259789,2025秋,概率统计与随机过程,QAPro,baseline_s6,L1,L2,L1,RATER_DISAGREEMENT,PENDING,,,,
2,S0022,2025秋:259789,2025秋,概率统计与随机过程,QAPro,highest_s6,L4,L5,L5,RATER_DISAGREEMENT,PENDING,,,,
2,S0024,2025秋:258773,2025秋,数值计算与科学计算,QAPro,highest_s3,低,中,中,RATER_DISAGREEMENT,PENDING,,,,
2,S0025,2025秋:259926,2025秋,机器学习与人工智能,QAPro,highest_s3,中,高,高,RATER_DISAGREEMENT,PENDING,,,,
2,S0025,2025秋:259926,2025秋,机器学习与人工智能,QAPro,highest_s6,L2,L5,L5,RATER_DISAGREEMENT,PENDING,,,,
2,S0028,2025秋:258868,2025秋,评价与决策,QAPro,baseline_s3,低,中,中,RATER_DISAGREEMENT,PENDING,,,,
2,S0034,2025秋:259092,2025秋,优化与运筹,QAPro,baseline_s3,低,中,中,RATER_DISAGREEMENT,PENDING,,,,
2,S0034,2025秋:259092,2025秋,优化与运筹,QAPro,highest_s3,高,中,中,RATER_DISAGREEMENT,PENDING,,,,
2,S0034,2025秋:259092,2025秋,优化与运筹,QAPro,highest_s6,L3,L2,L1,RATER_DISAGREEMENT,PENDING,,,,
2,S0041,2025秋:258524,2025秋,数学基础,QAPro,baseline_s6,L1,L3,L1,RATER_DISAGREEMENT,PENDING,,,,
2,S0048,2025秋:258945,2025秋,数值计算与科学计算,QAPro,highest_s6,L3,L5,L5,RATER_DISAGREEMENT,PENDING,,,,
2,S0051,2025秋:258536,2025秋,机器学习与人工智能,QAPro,highest_s6,L2,L4,L4,RATER_DISAGREEMENT,PENDING,,,,
2,S0052,2025秋:258430,2025秋,数据处理与可视化,QAPro,baseline_s6,L1,L3,L3,RATER_DISAGREEMENT,PENDING,,,,
2,S0057,2025秋:259851,2025秋,优化与运筹,QAPro,highest_s3,低,中,中,RATER_DISAGREEMENT,PENDING,,,,
2,S0066,2025秋:259043,2025秋,机器学习与人工智能,QAPro,baseline_s3,低,中,中,RATER_DISAGREEMENT,PENDING,,,,
2,S0067,2025秋:25A148,2025秋,优化与运筹,QAPro,baseline_s3,低,中,中,RATER_DISAGREEMENT,PENDING,,,,
2,S0073,2025秋:258938,2025秋,数据处理与可视化,QAPro,baseline_s3,低,中,低,RATER_DISAGREEMENT,PENDING,,,,
2,S0074,2025秋:259044,2025秋,优化与运筹,QAPro,baseline_s3,低,中,低,RATER_DISAGREEMENT,PENDING,,,,
2,S0075,2025秋:258924,2025秋,概率统计与随机过程,QAPro,baseline_s3,中,高,中,RATER_DISAGREEMENT,PENDING,,,,
2,S0075,2025秋:258924,2025秋,概率统计与随机过程,QAPro,baseline_s6,L2,L5,L3,RATER_DISAGREEMENT,PENDING,,,,
2,S0083,2025秋:258486,2025秋,优化与运筹,QAPro,highest_s3,低,中,U,RATER_DISAGREEMENT,PENDING,,,,
2,S0086,2025秋:25P027,2025秋,机器学习与人工智能,QAPro,highest_s3,低,中,U,RATER_DISAGREEMENT,PENDING,,,,
2,S0091,2025秋:258859,2025秋,数值计算与科学计算,QAPro,baseline_s3,低,中,中,RATER_DISAGREEMENT,PENDING,,,,
2,S0091,2025秋:258859,2025秋,数值计算与科学计算,QAPro,baseline_s6,L1,L2,L2,RATER_DISAGREEMENT,PENDING,,,,
2,S0095,2025秋:258892,2025秋,优化与运筹,QAPro,baseline_s3,低,中,低,RATER_DISAGREEMENT,PENDING,,,,
2,S0096,2025秋:258428,2025秋,优化与运筹,QAPro,baseline_s6,L1,L3,L1,RATER_DISAGREEMENT,PENDING,,,,
2,S0097,2025秋:258857,2025秋,其他领域,QAPro,baseline_s6,L1,L3,L3,RATER_DISAGREEMENT,PENDING,,,,
2,S0098,2025秋:259322,2025秋,数据处理与可视化,QAPro,baseline_s6,L1,L3,U,RATER_DISAGREEMENT,PENDING,,,,
2,S0101,2025秋:259323,2025秋,机器学习与人工智能,QAPro,highest_s3,低,中,U,RATER_DISAGREEMENT,PENDING,,,,
2,S0111,2025秋:25A171,2025秋,优化与运筹,QA3,baseline_s6,L1,L2,U,RATER_DISAGREEMENT,PENDING,,,,
2,S0112,2025秋:259329,2025秋,数学建模综合与案例,QAPro,baseline_s6,L1,L4,L2,RATER_DISAGREEMENT,PENDING,,,,
2,S0113,2025秋:259753,2025秋,数学建模综合与案例,QA3,baseline_s3,低,中,中,RATER_DISAGREEMENT,PENDING,,,,
2,S0119,2025秋:259339,2025秋,微分方程与动态系统,QAPro,baseline_s3,中,低,中,RATER_DISAGREEMENT,PENDING,,,,
2,S0119,2025秋:259339,2025秋,微分方程与动态系统,QAPro,highest_s6,L3,L4,L4,RATER_DISAGREEMENT,PENDING,,,,
2,S0120,2025秋:258923,2025秋,优化与运筹,QAPro,highest_s6,L2,L1,L2,RATER_DISAGREEMENT,PENDING,,,,
2,S0121,2025秋:259316,2025秋,学习过程与工具使用,QAPro,baseline_s3,中,高,高,RATER_DISAGREEMENT,PENDING,,,,
2,S0121,2025秋:259316,2025秋,学习过程与工具使用,QAPro,highest_s6,L3,L5,L5,RATER_DISAGREEMENT,PENDING,,,,
2,S0127,2025秋:259019,2025秋,机器学习与人工智能,QAPro,highest_s6,L2,L1,L1,RATER_DISAGREEMENT,PENDING,,,,
2,S0130,2025秋:25P025,2025秋,优化与运筹,QAPro,baseline_s3,低,中,中,RATER_DISAGREEMENT,PENDING,,,,
2,S0130,2025秋:25P025,2025秋,优化与运筹,QAPro,highest_s3,中,高,高,RATER_DISAGREEMENT,PENDING,,,,
2,S0130,2025秋:25P025,2025秋,优化与运筹,QAPro,highest_s6,L2,L4,L2,RATER_DISAGREEMENT,PENDING,,,,
2,S0132,2025秋:259932,2025秋,其他领域,QAPro,highest_s3,低,中,中,RATER_DISAGREEMENT,PENDING,,,,
2,S0132,2025秋:259932,2025秋,其他领域,QAPro,highest_s6,L2,L3,L2,RATER_DISAGREEMENT,PENDING,,,,
2,S0137,2025秋:240801,2025秋,其他领域,QAPro,baseline_s6,L1,L3,L1,RATER_DISAGREEMENT,PENDING,,,,
2,S0137,2025秋:240801,2025秋,其他领域,QAPro,highest_s3,低,高,中,RATER_DISAGREEMENT,PENDING,,,,
2,S0137,2025秋:240801,2025秋,其他领域,QAPro,highest_s6,L2,L5,L2,RATER_DISAGREEMENT,PENDING,,,,
2,S0138,2025秋:25A085,2025秋,概率统计与随机过程,QAPro,baseline_s6,L1,L2,L3,RATER_DISAGREEMENT,PENDING,,,,
2,S0138,2025秋:25A085,2025秋,概率统计与随机过程,QAPro,highest_s3,低,中,中,RATER_DISAGREEMENT,PENDING,,,,
2,S0149,2025秋:258902,2025秋,优化与运筹,QAPro,highest_s6,L3,L5,L5,RATER_DISAGREEMENT,PENDING,,,,
2,S0153,2025秋:258894,2025秋,数学建模综合与案例,QA3,baseline_s6,L1,L2,L1,RATER_DISAGREEMENT,PENDING,,,,
2,S0158,2025秋:258942,2025秋,优化与运筹,QAPro,baseline_s6,L1,L2,L2,RATER_DISAGREEMENT,PENDING,,,,
2,S0159,2025秋:259001,2025秋,机器学习与人工智能,QAPro,highest_s3,低,中,低,RATER_DISAGREEMENT,PENDING,,,,
2,S0160,2025秋:259873,2025秋,机器学习与人工智能,QAPro,baseline_s3,低,中,中,RATER_DISAGREEMENT,PENDING,,,,
2,S0167,2025秋:259448,2025秋,图论与网络,QAPro,highest_s6,L4,L5,L5,RATER_DISAGREEMENT,PENDING,,,,
2,S0170,2025秋:259311,2025秋,概率统计与随机过程,QAPro,highest_s6,L2,L5,L5,RATER_DISAGREEMENT,PENDING,,,,
2,S0176,2025秋:259107,2025秋,机器学习与人工智能,QAPro,highest_s3,中,高,高,RATER_DISAGREEMENT,PENDING,,,,
2,S0177,2025秋:259342,2025秋,微分方程与动态系统,QAPro,baseline_s6,L3,L4,L3,RATER_DISAGREEMENT,PENDING,,,,
2,S0183,2025秋:259958,2025秋,数值计算与科学计算,QAPro,baseline_s3,中,高,高,RATER_DISAGREEMENT,PENDING,,,,
2,S0185,2025秋:258958,2025秋,优化与运筹,QAPro,baseline_s3,低,中,中,RATER_DISAGREEMENT,PENDING,,,,
2,S0187,2025秋:259437,2025秋,数值计算与科学计算,QAPro,baseline_s3,中,高,高,RATER_DISAGREEMENT,PENDING,,,,
2,S0190,2025秋:258888,2025秋,优化与运筹,QAPro,highest_s3,低,中,中,RATER_DISAGREEMENT,PENDING,,,,
2,S0194,2025秋:259877,2025秋,图论与网络,QAPro,baseline_s3,中,低,低,RATER_DISAGREEMENT,PENDING,,,,
2,S0194,2025秋:259877,2025秋,图论与网络,QAPro,baseline_s6,L1,L3,L1,RATER_DISAGREEMENT,PENDING,,,,
2,S0196,2025秋:258937,2025秋,数值计算与科学计算,QAPro,baseline_s3,低,中,低,RATER_DISAGREEMENT,PENDING,,,,
2,S0201,2025秋:25A168,2025秋,优化与运筹,QAPro,baseline_s3,中,高,高,RATER_DISAGREEMENT,PENDING,,,,
2,S0201,2025秋:25A168,2025秋,优化与运筹,QAPro,baseline_s6,L2,L4,L2,RATER_DISAGREEMENT,PENDING,,,,
2,S0203,2025秋:259016,2025秋,数据处理与可视化,QAPro,baseline_s3,低,中,中,RATER_DISAGREEMENT,PENDING,,,,
2,S0203,2025秋:259016,2025秋,数据处理与可视化,QAPro,baseline_s6,L1,L2,L1,RATER_DISAGREEMENT,PENDING,,,,
2,S0204,2025秋:259112,2025秋,优化与运筹,QAPro,baseline_s3,低,中,中,RATER_DISAGREEMENT,PENDING,,,,
2,S0204,2025秋:259112,2025秋,优化与运筹,QAPro,baseline_s6,L2,L4,L2,RATER_DISAGREEMENT,PENDING,,,,
2,S0205,2025秋:25A153,2025秋,图论与网络,QAPro,baseline_s6,L1,L3,U,RATER_DISAGREEMENT,PENDING,,,,
2,S0207,2025秋:258906,2025秋,概率统计与随机过程,QAPro,baseline_s6,L2,L3,L2,RATER_DISAGREEMENT,PENDING,,,,
2,S0209,2025秋:259902,2025秋,机器学习与人工智能,QAPro,highest_s3,低,高,高,RATER_DISAGREEMENT,PENDING,,,,
2,S0213,2025秋:259034,2025秋,其他领域,QAPro,highest_s3,低,中,中,RATER_DISAGREEMENT,PENDING,,,,
2,S0215,2025秋:259416,2025秋,其他领域,QAPro,baseline_s3,低,中,中,RATER_DISAGREEMENT,PENDING,,,,
2,S0215,2025秋:259416,2025秋,其他领域,QAPro,baseline_s6,L1,L3,L4,RATER_DISAGREEMENT,PENDING,,,,
2,S0216,2025秋:25A168,2025秋,其他领域,QAPro,baseline_s3,中,高,高,RATER_DISAGREEMENT,PENDING,,,,
2,S0219,2025秋:259405,2025秋,优化与运筹,QAPro,baseline_s3,低,中,中,RATER_DISAGREEMENT,PENDING,,,,
2,S0219,2025秋:259405,2025秋,优化与运筹,QAPro,baseline_s6,L2,L3,L1,RATER_DISAGREEMENT,PENDING,,,,
2,S0219,2025秋:259405,2025秋,优化与运筹,QAPro,highest_s3,低,中,中,RATER_DISAGREEMENT,PENDING,,,,
2,S0220,2025秋:259869,2025秋,数学建模综合与案例,QAPro,baseline_s3,中,低,低,RATER_DISAGREEMENT,PENDING,,,,
2,S0223,2025秋:259116,2025秋,机器学习与人工智能,QAPro,baseline_s6,L2,L3,L2,RATER_DISAGREEMENT,PENDING,,,,
2,S0223,2025秋:259116,2025秋,机器学习与人工智能,QAPro,highest_s3,高,中,高,RATER_DISAGREEMENT,PENDING,,,,
2,S0224,2025秋:259004,2025秋,优化与运筹,QAPro,baseline_s3,中,高,高,RATER_DISAGREEMENT,PENDING,,,,
2,S0224,2025秋:259004,2025秋,优化与运筹,QAPro,baseline_s6,L1,L3,L3,RATER_DISAGREEMENT,PENDING,,,,
2,S0224,2025秋:259004,2025秋,优化与运筹,QAPro,highest_s3,中,高,高,RATER_DISAGREEMENT,PENDING,,,,
2,S0225,2025秋:259022,2025秋,其他领域,QAPro,baseline_s3,低,中,中,RATER_DISAGREEMENT,PENDING,,,,
2,S0232,2025秋:258858,2025秋,优化与运筹,QAPro,baseline_s6,L2,L1,L1,RATER_DISAGREEMENT,PENDING,,,,
2,S0241,2025秋:259943,2025秋,优化与运筹,QAPro,highest_s3,低,中,低,RATER_DISAGREEMENT,PENDING,,,,
2,S0244,2025秋:259917,2025秋,机器学习与人工智能,QAPro,highest_s3,中,高,中,RATER_DISAGREEMENT,PENDING,,,,
2,S0246,2025秋:25A086,2025秋,概率统计与随机过程,QAPro,baseline_s3,中,高,高,RATER_DISAGREEMENT,PENDING,,,,
2,S0248,2025秋:252265,2025秋,机器学习与人工智能,QAPro,baseline_s3,低,中,中,RATER_DISAGREEMENT,PENDING,,,,
2,S0248,2025秋:252265,2025秋,机器学习与人工智能,QAPro,baseline_s6,L1,L2,L2,RATER_DISAGREEMENT,PENDING,,,,
2,S0251,2025秋:259322,2025秋,数据处理与可视化,QA3,baseline_s6,L1,L2,U,RATER_DISAGREEMENT,PENDING,,,,
2,S0258,2025秋:25A171,2025秋,微分方程与动态系统,QAPro,baseline_s6,L2,L1,U,RATER_DISAGREEMENT,PENDING,,,,
2,S0259,2025秋:258268,2025秋,图论与网络,QAPro,highest_s3,低,中,低,RATER_DISAGREEMENT,PENDING,,,,
2,S0261,2025秋:258933,2025秋,优化与运筹,QAPro,highest_s3,中,高,中,RATER_DISAGREEMENT,PENDING,,,,
2,S0263,2025秋:258755,2025秋,概率统计与随机过程,QAPro,baseline_s6,L2,L5,L5,RATER_DISAGREEMENT,PENDING,,,,
2,S0263,2025秋:258755,2025秋,概率统计与随机过程,QAPro,highest_s6,L2,L5,L5,RATER_DISAGREEMENT,PENDING,,,,
2,S0265,2025秋:259325,2025秋,优化与运筹；图论与网络,QAPro,baseline_s3,中,高,中,RATER_DISAGREEMENT,PENDING,,,,
2,S0266,2025秋:259116,2025秋,机器学习与人工智能,QAPro,baseline_s6,L2,L3,L2,RATER_DISAGREEMENT,PENDING,,,,
2,S0268,2025秋:259863,2025秋,微分方程与动态系统,QAPro,highest_s6,L3,L5,L5,RATER_DISAGREEMENT,PENDING,,,,
2,S0274,2025秋:259854,2025秋,机器学习与人工智能,QAPro,highest_s6,L3,L4,L4,RATER_DISAGREEMENT,PENDING,,,,
2,S0278,2025秋:259863,2025秋,微分方程与动态系统,QAPro,baseline_s3,中,高,中,RATER_DISAGREEMENT,PENDING,,,,
2,S0279,2025秋:259919,2025秋,优化与运筹,QAPro,baseline_s3,中,高,高,RATER_DISAGREEMENT,PENDING,,,,
2,S0279,2025秋:259919,2025秋,优化与运筹,QAPro,baseline_s6,L2,L4,L4,RATER_DISAGREEMENT,PENDING,,,,
2,S0285,2025秋:259323,2025秋,机器学习与人工智能,QAPro,highest_s6,L1,L2,L2,RATER_DISAGREEMENT,PENDING,,,,
2,S0286,2025秋:259336,2025秋,优化与运筹,QAPro,baseline_s3,中,高,中,RATER_DISAGREEMENT,PENDING,,,,
2,S0286,2025秋:259336,2025秋,优化与运筹,QAPro,baseline_s6,L2,L3,L2,RATER_DISAGREEMENT,PENDING,,,,
2,S0287,2025秋:258918,2025秋,优化与运筹,QAPro,highest_s6,L1,L2,L2,RATER_DISAGREEMENT,PENDING,,,,
2,S0291,2025秋:259101,2025秋,优化与运筹,QAPro,highest_s6,L1,L2,L1,RATER_DISAGREEMENT,PENDING,,,,
2,S0292,2025秋:258908,2025秋,优化与运筹,QAPro,highest_s3,中,低,低,RATER_DISAGREEMENT,PENDING,,,,
2,S0293,2025秋:259404,2025秋,图论与网络,QAPro,baseline_s3,低,中,中,RATER_DISAGREEMENT,PENDING,,,,
2,S0293,2025秋:259404,2025秋,图论与网络,QAPro,highest_s3,中,高,中,RATER_DISAGREEMENT,PENDING,,,,
2,S0293,2025秋:259404,2025秋,图论与网络,QAPro,highest_s6,L2,L5,L5,RATER_DISAGREEMENT,PENDING,,,,
2,S0294,2025秋:252939,2025秋,机器学习与人工智能,QAPro,highest_s3,高,中,高,RATER_DISAGREEMENT,PENDING,,,,
2,S0294,2025秋:252939,2025秋,机器学习与人工智能,QAPro,highest_s6,L2,L4,L2,RATER_DISAGREEMENT,PENDING,,,,
2,S0295,2025秋:258927,2025秋,概率统计与随机过程,QAPro,highest_s3,中,高,中,RATER_DISAGREEMENT,PENDING,,,,
2,S0295,2025秋:258927,2025秋,概率统计与随机过程,QAPro,highest_s6,L2,L4,L4,RATER_DISAGREEMENT,PENDING,,,,
2,S0296,2025秋:259961,2025秋,优化与运筹,QAPro,baseline_s6,L1,L3,L1,RATER_DISAGREEMENT,PENDING,,,,
2,S0296,2025秋:259961,2025秋,优化与运筹,QAPro,highest_s6,L5,L6,L6,RATER_DISAGREEMENT,PENDING,,,,
2,S0297,2025秋:258269,2025秋,图论与网络,QAPro,baseline_s3,中,高,高,RATER_DISAGREEMENT,PENDING,,,,
2,S0297,2025秋:258269,2025秋,图论与网络,QAPro,baseline_s6,L3,L4,L3,RATER_DISAGREEMENT,PENDING,,,,
2,S0297,2025秋:258269,2025秋,图论与网络,QAPro,highest_s6,L2,L4,L4,RATER_DISAGREEMENT,PENDING,,,,
2,S0299,2025秋:259335,2025秋,概率统计与随机过程,QAPro,highest_s3,中,高,高,RATER_DISAGREEMENT,PENDING,,,,
2,S0299,2025秋:259335,2025秋,概率统计与随机过程,QAPro,highest_s6,L2,L3,L2,RATER_DISAGREEMENT,PENDING,,,,
2,S0303,2025秋:258881,2025秋,数值计算与科学计算,QAPro,highest_s6,L3,L5,L5,RATER_DISAGREEMENT,PENDING,,,,
2,S0304,2025秋:259931,2025秋,优化与运筹,QAPro,highest_s6,L1,L2,L1,RATER_DISAGREEMENT,PENDING,,,,
2,S0306,2025秋:259445,2025秋,图论与网络,QAPro,highest_s6,L4,L2,L2,RATER_DISAGREEMENT,PENDING,,,,
2,S0309,2025秋:258887,2025秋,优化与运筹,QAPro,baseline_s3,中,高,中,RATER_DISAGREEMENT,PENDING,,,,
2,S0311,2025秋:25A134,2025秋,概率统计与随机过程,QAPro,highest_s6,L4,L5,L4,RATER_DISAGREEMENT,PENDING,,,,
2,S0315,2025秋:258988,2025秋,概率统计与随机过程,QAPro,highest_s6,L2,L5,L5,RATER_DISAGREEMENT,PENDING,,,,
2,S0318,2025秋:259899,2025秋,概率统计与随机过程,QAPro,baseline_s6,L1,L3,L1,RATER_DISAGREEMENT,PENDING,,,,
2,S0320,2025秋:259427,2025秋,概率统计与随机过程,QAPro,highest_s3,中,低,中,RATER_DISAGREEMENT,PENDING,,,,
2,S0320,2025秋:259427,2025秋,概率统计与随机过程,QAPro,highest_s6,L2,L1,L2,RATER_DISAGREEMENT,PENDING,,,,
2,S0333,2025秋:248797,2025秋,机器学习与人工智能；评价与决策,QAPro,highest_s3,低,中,中,RATER_DISAGREEMENT,PENDING,,,,
2,S0336,2025秋:258903,2025秋,优化与运筹,QAPro,highest_s3,低,中,中,RATER_DISAGREEMENT,PENDING,,,,
2,S0336,2025秋:258903,2025秋,优化与运筹,QAPro,highest_s6,L2,L4,L2,RATER_DISAGREEMENT,PENDING,,,,
2,S0338,2025秋:258935,2025秋,机器学习与人工智能,QA3,baseline_s6,L1,L2,L2,RATER_DISAGREEMENT,PENDING,,,,
2,S0342,2025秋:259933,2025秋,图论与网络；机器学习与人工智能,QAPro,highest_s6,L4,L5,L4,RATER_DISAGREEMENT,PENDING,,,,
2,S0343,2025秋:259400,2025秋,数值计算与科学计算,QAPro,highest_s6,L2,L4,L3,RATER_DISAGREEMENT,PENDING,,,,
2,S0346,2025秋:259887,2025秋,优化与运筹,QAPro,highest_s6,L1,L5,L2,RATER_DISAGREEMENT,PENDING,,,,
2,S0347,2025秋:259053,2025秋,概率统计与随机过程,QAPro,highest_s6,L2,L3,L3,RATER_DISAGREEMENT,PENDING,,,,
2,S0350,2025秋:258440,2025秋,图论与网络,QAPro,baseline_s6,L2,L1,L2,RATER_DISAGREEMENT,PENDING,,,,
2,S0351,2025秋:258922,2025秋,优化与运筹,QAPro,baseline_s6,L2,L4,L4,RATER_DISAGREEMENT,PENDING,,,,
2,S0351,2025秋:258922,2025秋,优化与运筹,QAPro,highest_s6,L5,L6,L6,RATER_DISAGREEMENT,PENDING,,,,
2,S0353,2025秋:258931,2025秋,优化与运筹,QAPro,highest_s6,L1,L2,U,RATER_DISAGREEMENT,PENDING,,,,
2,S0359,2025秋:259024,2025秋,数据处理与可视化,QAPro,baseline_s3,低,中,中,RATER_DISAGREEMENT,PENDING,,,,
2,S0360,2025秋:259333,2025秋,机器学习与人工智能,QAPro,highest_s6,L4,L5,L5,RATER_DISAGREEMENT,PENDING,,,,
2,S0365,2025秋:258888,2025秋,优化与运筹,QAPro,highest_s3,中,高,高,RATER_DISAGREEMENT,PENDING,,,,
2,S0367,2025秋:258939,2025秋,数据处理与可视化,QAPro,highest_s3,中,高,高,RATER_DISAGREEMENT,PENDING,,,,
2,S0370,2025秋:243705,2025秋,数据处理与可视化,QA3,baseline_s6,L1,L2,L1,RATER_DISAGREEMENT,PENDING,,,,
2,S0371,2025秋:259015,2025秋,图论与网络,QAPro,baseline_s6,L2,L1,L1,RATER_DISAGREEMENT,PENDING,,,,
2,S0372,2025秋:258957,2025秋,图论与网络,QA3,baseline_s3,低,中,中,RATER_DISAGREEMENT,PENDING,,,,
2,S0374,2025秋:258938,2025秋,优化与运筹,QAPro,baseline_s3,中,高,高,RATER_DISAGREEMENT,PENDING,,,,
2,S0376,2025秋:258981,2025秋,数据处理与可视化,QAPro,highest_s3,中,高,高,RATER_DISAGREEMENT,PENDING,,,,
2,S0376,2025秋:258981,2025秋,数据处理与可视化,QAPro,highest_s6,L2,L4,L4,RATER_DISAGREEMENT,PENDING,,,,
2,S0378,2025秋:259401,2025秋,优化与运筹,QAPro,baseline_s6,L1,L2,L2,RATER_DISAGREEMENT,PENDING,,,,
2,S0378,2025秋:259401,2025秋,优化与运筹,QAPro,highest_s3,中,高,高,RATER_DISAGREEMENT,PENDING,,,,
2,S0384,2025秋:259437,2025秋,机器学习与人工智能,QAPro,baseline_s3,低,中,中,RATER_DISAGREEMENT,PENDING,,,,
2,S0384,2025秋:259437,2025秋,机器学习与人工智能,QAPro,highest_s6,L4,L5,L4,RATER_DISAGREEMENT,PENDING,,,,
2,S0386,2025秋:259885,2025秋,优化与运筹,QAPro,baseline_s6,L2,L4,L4,RATER_DISAGREEMENT,PENDING,,,,
2,S0386,2025秋:259885,2025秋,优化与运筹,QAPro,highest_s3,低,中,中,RATER_DISAGREEMENT,PENDING,,,,
2,S0391,2025秋:259004,2025秋,优化与运筹,QAPro,baseline_s6,L2,L5,L5,RATER_DISAGREEMENT,PENDING,,,,
2,S0399,2025秋:259334,2025秋,概率统计与随机过程,QAPro,baseline_s6,L2,L3,L2,RATER_DISAGREEMENT,PENDING,,,,
2,S0399,2025秋:259334,2025秋,概率统计与随机过程,QAPro,highest_s6,L2,L6,L6,RATER_DISAGREEMENT,PENDING,,,,
2,S0400,2025秋:258911,2025秋,学习过程与工具使用,QAPro,highest_s6,L4,L2,L4,RATER_DISAGREEMENT,PENDING,,,,
2,S0402,2025秋:259857,2025秋,概率统计与随机过程,QAPro,baseline_s6,L1,L3,L1,RATER_DISAGREEMENT,PENDING,,,,
2,S0402,2025秋:259857,2025秋,概率统计与随机过程,QAPro,highest_s3,中,高,高,RATER_DISAGREEMENT,PENDING,,,,
2,S0402,2025秋:259857,2025秋,概率统计与随机过程,QAPro,highest_s6,L4,L5,L5,RATER_DISAGREEMENT,PENDING,,,,
2,S0405,2025秋:259315,2025秋,机器学习与人工智能,QAPro,baseline_s6,L2,L5,L5,RATER_DISAGREEMENT,PENDING,,,,
2,S0407,2025秋:259895,2025秋,优化与运筹,QAPro,baseline_s6,L2,L4,L4,RATER_DISAGREEMENT,PENDING,,,,
2,S0407,2025秋:259895,2025秋,优化与运筹,QAPro,highest_s6,L4,L6,L4,RATER_DISAGREEMENT,PENDING,,,,
2,S0408,2025秋:258995,2025秋,机器学习与人工智能,QAPro,highest_s6,L2,L4,L2,RATER_DISAGREEMENT,PENDING,,,,
2,S0409,2025秋:258932,2025秋,概率统计与随机过程,QAPro,baseline_s6,L2,L1,L1,RATER_DISAGREEMENT,PENDING,,,,
2,S0411,2025秋:25A081,2025秋,优化与运筹,QAPro,baseline_s3,低,中,低,RATER_DISAGREEMENT,PENDING,,,,
2,S0411,2025秋:25A081,2025秋,优化与运筹,QAPro,baseline_s6,L2,L1,L1,RATER_DISAGREEMENT,PENDING,,,,
2,S0413,2025秋:258943,2025秋,优化与运筹,QA3,baseline_s6,L2,L1,L1,RATER_DISAGREEMENT,PENDING,,,,
2,S0414,2025秋:259338,2025秋,其他领域,QAPro,highest_s6,L4,L5,L5,RATER_DISAGREEMENT,PENDING,,,,
2,S0418,2025秋:259449,2025秋,优化与运筹,QAPro,baseline_s6,L2,L3,L3,RATER_DISAGREEMENT,PENDING,,,,
2,S0418,2025秋:259449,2025秋,优化与运筹,QAPro,highest_s6,L5,L6,L6,RATER_DISAGREEMENT,PENDING,,,,
2,S0419,2025秋:259419,2025秋,机器学习与人工智能,QA3,baseline_s6,L1,L2,L2,RATER_DISAGREEMENT,PENDING,,,,
2,S0421,2025秋:259422,2025秋,概率统计与随机过程,QAPro,baseline_s3,低,中,中,RATER_DISAGREEMENT,PENDING,,,,
2,S0421,2025秋:259422,2025秋,概率统计与随机过程,QAPro,highest_s3,低,中,中,RATER_DISAGREEMENT,PENDING,,,,
2,S0421,2025秋:259422,2025秋,概率统计与随机过程,QAPro,highest_s6,L2,L4,L2,RATER_DISAGREEMENT,PENDING,,,,
2,S0431,2025秋:258951,2025秋,优化与运筹,QAPro,highest_s3,低,中,中,RATER_DISAGREEMENT,PENDING,,,,
2,S0432,2025秋:259778,2025秋,优化与运筹,QAPro,highest_s3,中,高,中,RATER_DISAGREEMENT,PENDING,,,,
2,S0432,2025秋:259778,2025秋,优化与运筹,QAPro,highest_s6,L1,L3,L2,RATER_DISAGREEMENT,PENDING,,,,
2,S0440,2025秋:240957,2025秋,概率统计与随机过程,QAPro,baseline_s3,低,中,中,RATER_DISAGREEMENT,PENDING,,,,
2,S0440,2025秋:240957,2025秋,概率统计与随机过程,QAPro,highest_s6,L4,L5,L5,RATER_DISAGREEMENT,PENDING,,,,
2,S0441,2025秋:258936,2025秋,数学基础；概率统计与随机过程,QAPro,highest_s3,低,中,低,RATER_DISAGREEMENT,PENDING,,,,
2,S0441,2025秋:258936,2025秋,数学基础；概率统计与随机过程,QAPro,highest_s6,L1,L2,L2,RATER_DISAGREEMENT,PENDING,,,,
2,S0442,2025秋:25A156,2025秋,概率统计与随机过程,QAPro,highest_s6,L2,L5,L2,RATER_DISAGREEMENT,PENDING,,,,
2,S0444,2025秋:258431,2025秋,优化与运筹,QAPro,baseline_s3,高,中,中,RATER_DISAGREEMENT,PENDING,,,,
2,S0444,2025秋:258431,2025秋,优化与运筹,QAPro,baseline_s6,L2,L3,L2,RATER_DISAGREEMENT,PENDING,,,,
2,S0444,2025秋:258431,2025秋,优化与运筹,QAPro,highest_s6,L4,L6,L5,RATER_DISAGREEMENT,PENDING,,,,
2,S0455,2025秋:259050,2025秋,优化与运筹,QAPro,baseline_s3,低,中,中,RATER_DISAGREEMENT,PENDING,,,,
2,S0455,2025秋:259050,2025秋,优化与运筹,QAPro,highest_s6,L2,L4,L6,RATER_DISAGREEMENT,PENDING,,,,
2,S0457,2025秋:259318,2025秋,机器学习与人工智能,QAPro,highest_s6,L4,L6,L6,RATER_DISAGREEMENT,PENDING,,,,
2,S0458,2025秋:259858,2025秋,数值计算与科学计算；评价与决策,QAPro,highest_s3,中,高,高,RATER_DISAGREEMENT,PENDING,,,,
2,S0458,2025秋:259858,2025秋,数值计算与科学计算；评价与决策,QAPro,highest_s6,L2,L5,L5,RATER_DISAGREEMENT,PENDING,,,,
2,S0460,2025秋:258900,2025秋,优化与运筹,QAPro,highest_s6,L1,L2,L2,RATER_DISAGREEMENT,PENDING,,,,
2,S0463,2025秋:259023,2025秋,机器学习与人工智能,QAPro,highest_s6,L3,L2,L2,RATER_DISAGREEMENT,PENDING,,,,
2,S0464,2025秋:259021,2025秋,优化与运筹,QAPro,highest_s3,中,高,高,RATER_DISAGREEMENT,PENDING,,,,
2,S0464,2025秋:259021,2025秋,优化与运筹,QAPro,highest_s6,L4,L5,L2,RATER_DISAGREEMENT,PENDING,,,,
2,S0466,2025秋:260001,2025秋,微分方程与动态系统,QAPro,highest_s6,L1,L2,L1,RATER_DISAGREEMENT,PENDING,,,,
2,S0470,2025秋:258522,2025秋,其他领域,QAPro,highest_s3,中,高,中,RATER_DISAGREEMENT,PENDING,,,,
2,S0470,2025秋:258522,2025秋,其他领域,QAPro,highest_s6,L2,L4,L2,RATER_DISAGREEMENT,PENDING,,,,
2,S0475,2025秋:257174,2025秋,优化与运筹,QAPro,highest_s6,L4,L5,L5,RATER_DISAGREEMENT,PENDING,,,,
2,S0481,2025秋:259451,2025秋,优化与运筹,QAPro,highest_s3,低,中,中,RATER_DISAGREEMENT,PENDING,,,,
2,S0485,2025秋:25A150,2025秋,图论与网络,QAPro,baseline_s3,中,低,U,RATER_DISAGREEMENT,PENDING,,,,
2,S0486,2025秋:258976,2025秋,机器学习与人工智能,QAPro,highest_s6,L2,L5,L5,RATER_DISAGREEMENT,PENDING,,,,
2,S0487,2025秋:259346,2025秋,评价与决策,QA3,baseline_s3,中,高,U,RATER_DISAGREEMENT,PENDING,,,,
2,S0489,2025秋:259052,2025秋,图论与网络,QAPro,baseline_s6,L3,L4,L4,RATER_DISAGREEMENT,PENDING,,,,
2,S0489,2025秋:259052,2025秋,图论与网络,QAPro,highest_s6,L3,L6,L6,RATER_DISAGREEMENT,PENDING,,,,
2,S0491,2025秋:258990,2025秋,概率统计与随机过程,QAPro,highest_s6,L4,L5,L5,RATER_DISAGREEMENT,PENDING,,,,
2,S0496,2025秋:259326,2025秋,优化与运筹,QAPro,baseline_s3,低,中,中,RATER_DISAGREEMENT,PENDING,,,,
2,S0497,2025秋:259442,2025秋,数学建模综合与案例,QAPro,highest_s3,低,高,高,RATER_DISAGREEMENT,PENDING,,,,
2,S0499,2025秋:259393,2025秋,机器学习与人工智能,QAPro,highest_s6,L2,L4,L2,RATER_DISAGREEMENT,PENDING,,,,
2,S0502,2025秋:248829,2025秋,概率统计与随机过程,QAPro,baseline_s6,L3,L1,U,RATER_DISAGREEMENT,PENDING,,,,
2,S0508,2025秋:258504,2025秋,数学建模综合与案例,QAPro,baseline_s3,中,低,中,RATER_DISAGREEMENT,PENDING,,,,
2,S0542,2025秋:248797,2025秋,数学基础；机器学习与人工智能,QAPro,highest_s6,L1,L2,U,RATER_DISAGREEMENT,PENDING,,,,
2,S0598,2025秋:259448,2025秋,机器学习与人工智能；概率统计与随机过程,QAPro,highest_s3,中,高,中,RATER_DISAGREEMENT,PENDING,,,,
2,S0667,2025秋:258431,2025秋,优化与运筹,QAPro,highest_s3,中,高,高,RATER_DISAGREEMENT,PENDING,,,,
2,S0825,2026春:250845,2026春,数学建模综合与案例,QAPro,baseline_s3,中,高,高,RATER_DISAGREEMENT,PENDING,,,,
2,S0825,2026春:250845,2026春,数学建模综合与案例,QAPro,highest_s6,L1,L2,L1,RATER_DISAGREEMENT,PENDING,,,,
2,S0828,2026春:250868,2026春,优化与运筹,QAPro,highest_s3,低,中,中,RATER_DISAGREEMENT,PENDING,,,,
2,S0831,2026春:258855,2026春,图论与网络,QAPro,highest_s6,L1,L2,U,RATER_DISAGREEMENT,PENDING,,,,
2,S0838,2026春:258955,2026春,优化与运筹,QAPro,highest_s3,中,高,中,RATER_DISAGREEMENT,PENDING,,,,
2,S0838,2026春:258955,2026春,优化与运筹,QAPro,highest_s6,L2,L4,L2,RATER_DISAGREEMENT,PENDING,,,,
2,S0840,2026春:258973,2026春,微分方程与动态系统,QAPro,highest_s3,低,中,中,RATER_DISAGREEMENT,PENDING,,,,
2,S0850,2026春:259443,2026春,优化与运筹,QAPro,baseline_s3,低,中,中,RATER_DISAGREEMENT,PENDING,,,,
2,S0872,2026春:268044,2026春,数据处理与可视化,QAPro,highest_s6,L2,L3,L2,RATER_DISAGREEMENT,PENDING,,,,
2,S0897,2026春:268115,2026春,优化与运筹,QAPro,baseline_s3,低,中,中,RATER_DISAGREEMENT,PENDING,,,,
2,S0897,2026春:268115,2026春,优化与运筹,QAPro,highest_s3,中,高,高,RATER_DISAGREEMENT,PENDING,,,,
2,S0897,2026春:268115,2026春,优化与运筹,QAPro,highest_s6,L2,L4,L2,RATER_DISAGREEMENT,PENDING,,,,
2,S0904,2026春:268117,2026春,机器学习与人工智能,QAPro,highest_s6,L3,L4,L2,RATER_DISAGREEMENT,PENDING,,,,
2,S0906,2026春:268119,2026春,优化与运筹,QAPro,highest_s6,L2,L3,L1,RATER_DISAGREEMENT,PENDING,,,,
2,S0910,2026春:268121,2026春,机器学习与人工智能,QAPro,highest_s3,低,中,U,RATER_DISAGREEMENT,PENDING,,,,
2,S0926,2026春:268124,2026春,数学基础；数学建模综合与案例；机器学习与人工智能,QAPro,highest_s3,低,高,U,RATER_DISAGREEMENT,PENDING,,,,
2,S0926,2026春:268124,2026春,数学基础；数学建模综合与案例；机器学习与人工智能,QAPro,highest_s6,L2,L1,L2,RATER_DISAGREEMENT,PENDING,,,,
2,S0927,2026春:268125,2026春,机器学习与人工智能,QAPro,highest_s3,低,中,中,RATER_DISAGREEMENT,PENDING,,,,
2,S0927,2026春:268125,2026春,机器学习与人工智能,QAPro,highest_s6,L2,L4,L2,RATER_DISAGREEMENT,PENDING,,,,
2,S0931,2026春:268126,2026春,机器学习与人工智能,QAPro,highest_s6,L3,L5,L3,RATER_DISAGREEMENT,PENDING,,,,
2,S0935,2026春:268127,2026春,优化与运筹,QAPro,baseline_s3,低,中,中,RATER_DISAGREEMENT,PENDING,,,,
2,S0938,2026春:268130,2026春,机器学习与人工智能,QAPro,highest_s6,L3,L4,L2,RATER_DISAGREEMENT,PENDING,,,,
2,S0948,2026春:268135,2026春,机器学习与人工智能,QAPro,highest_s6,L4,L5,L5,RATER_DISAGREEMENT,PENDING,,,,
2,S0954,2026春:268137,2026春,概率统计与随机过程,QAPro,highest_s6,L2,L3,L2,RATER_DISAGREEMENT,PENDING,,,,
2,S0959,2026春:268139,2026春,优化与运筹；数学建模综合与案例；概率统计与随机过程,QAPro,highest_s3,中,高,高,RATER_DISAGREEMENT,PENDING,,,,
2,S0964,2026春:268140,2026春,优化与运筹,QAPro,highest_s6,L2,L4,L2,RATER_DISAGREEMENT,PENDING,,,,
2,S0983,2026春:268144,2026春,优化与运筹,QAPro,highest_s6,L3,L4,L3,RATER_DISAGREEMENT,PENDING,,,,
2,S0995,2026春:268147,2026春,机器学习与人工智能,QA3,baseline_s3,中,低,低,RATER_DISAGREEMENT,PENDING,,,,
2,S0997,2026春:268147,2026春,其他领域,QAPro,highest_s3,中,高,中,RATER_DISAGREEMENT,PENDING,,,,
2,S1015,2026春:268155,2026春,其他领域,QAPro,baseline_s3,低,中,中,RATER_DISAGREEMENT,PENDING,,,,
2,S1015,2026春:268155,2026春,其他领域,QAPro,highest_s6,L2,L3,L2,RATER_DISAGREEMENT,PENDING,,,,
2,S1027,2026春:268162,2026春,优化与运筹,QAPro,baseline_s3,低,中,中,RATER_DISAGREEMENT,PENDING,,,,
2,S1035,2026春:268166,2026春,优化与运筹,QAPro,highest_s6,L4,L6,L5,RATER_DISAGREEMENT,PENDING,,,,
2,S1044,2026春:268174,2026春,优化与运筹,QAPro,highest_s6,L3,L4,L3,RATER_DISAGREEMENT,PENDING,,,,
2,S1047,2026春:268176,2026春,优化与运筹,QAPro,highest_s6,L2,L4,L2,RATER_DISAGREEMENT,PENDING,,,,
2,S1051,2026春:268183,2026春,优化与运筹,QAPro,highest_s3,中,高,高,RATER_DISAGREEMENT,PENDING,,,,
2,S1052,2026春:268183,2026春,其他领域；微分方程与动态系统；数学建模综合与案例；概率统计与随机过程,QAPro,baseline_s6,L2,L1,L1,RATER_DISAGREEMENT,PENDING,,,,
2,S1052,2026春:268183,2026春,其他领域；微分方程与动态系统；数学建模综合与案例；概率统计与随机过程,QAPro,highest_s3,中,高,高,RATER_DISAGREEMENT,PENDING,,,,
2,S1052,2026春:268183,2026春,其他领域；微分方程与动态系统；数学建模综合与案例；概率统计与随机过程,QAPro,highest_s6,L2,L4,L4,RATER_DISAGREEMENT,PENDING,,,,
2,S1061,2026春:268192,2026春,优化与运筹；数值计算与科学计算；数学建模综合与案例；机器学习与人工智能；评价与决策,QAPro,highest_s6,L3,L5,L6,RATER_DISAGREEMENT,PENDING,,,,
2,S1062,2026春:268192,2026春,图论与网络,QAPro,highest_s6,L4,L5,L5,RATER_DISAGREEMENT,PENDING,,,,
2,S1074,2026春:268195,2026春,机器学习与人工智能,QAPro,highest_s3,低,高,中,RATER_DISAGREEMENT,PENDING,,,,
2,S1085,2026春:268206,2026春,数值计算与科学计算；数学建模综合与案例；机器学习与人工智能,QAPro,highest_s6,L4,L5,L5,RATER_DISAGREEMENT,PENDING,,,,
2,S1089,2026春:268214,2026春,优化与运筹,QAPro,highest_s6,L3,L5,L5,RATER_DISAGREEMENT,PENDING,,,,
2,S1094,2026春:268219,2026春,学习过程与工具使用,QAPro,baseline_s3,中,低,中,RATER_DISAGREEMENT,PENDING,,,,
2,S1113,2026春:268240,2026春,优化与运筹,QAPro,baseline_s3,低,中,低,RATER_DISAGREEMENT,PENDING,,,,
2,S1133,2026春:268246,2026春,机器学习与人工智能,QAPro,highest_s6,L4,L5,L5,RATER_DISAGREEMENT,PENDING,,,,
2,S1135,2026春:268246,2026春,数学建模综合与案例；机器学习与人工智能,QAPro,baseline_s3,低,中,中,RATER_DISAGREEMENT,PENDING,,,,
2,S1135,2026春:268246,2026春,数学建模综合与案例；机器学习与人工智能,QAPro,baseline_s6,L1,L2,L2,RATER_DISAGREEMENT,PENDING,,,,
2,S1138,2026春:268247,2026春,机器学习与人工智能,QAPro,highest_s6,L2,L4,L2,RATER_DISAGREEMENT,PENDING,,,,
2,S1142,2026春:268248,2026春,机器学习与人工智能,QAPro,highest_s3,低,中,高,RATER_DISAGREEMENT,PENDING,,,,
2,S1142,2026春:268248,2026春,机器学习与人工智能,QAPro,highest_s6,L2,L5,L5,RATER_DISAGREEMENT,PENDING,,,,
2,S1143,2026春:268248,2026春,机器学习与人工智能,QAPro,highest_s6,L3,L4,L4,RATER_DISAGREEMENT,PENDING,,,,
2,S1144,2026春:268248,2026春,机器学习与人工智能,QAPro,highest_s3,低,高,高,RATER_DISAGREEMENT,PENDING,,,,
2,S1144,2026春:268248,2026春,机器学习与人工智能,QAPro,highest_s6,L2,L4,L4,RATER_DISAGREEMENT,PENDING,,,,
2,S1145,2026春:268248,2026春,机器学习与人工智能,QAPro,highest_s3,低,高,高,RATER_DISAGREEMENT,PENDING,,,,
2,S1145,2026春:268248,2026春,机器学习与人工智能,QAPro,highest_s6,L2,L4,L4,RATER_DISAGREEMENT,PENDING,,,,
2,S1147,2026春:268248,2026春,机器学习与人工智能,QAPro,baseline_s6,L1,L2,U,RATER_DISAGREEMENT,PENDING,,,,
2,S1147,2026春:268248,2026春,机器学习与人工智能,QAPro,highest_s6,L2,L4,L4,RATER_DISAGREEMENT,PENDING,,,,
2,S1194,2026春:268436,2026春,优化与运筹,QAPro,highest_s6,L2,L4,L4,RATER_DISAGREEMENT,PENDING,,,,
2,S1198,2026春:268444,2026春,机器学习与人工智能,QA3,baseline_s6,L2,L1,U,RATER_DISAGREEMENT,PENDING,,,,
2,S1199,2026春:268444,2026春,优化与运筹,QAPro,baseline_s6,L2,L4,L4,RATER_DISAGREEMENT,PENDING,,,,
2,S1201,2026春:268444,2026春,数学建模综合与案例,QA3,baseline_s3,中,低,中,RATER_DISAGREEMENT,PENDING,,,,
2,S1214,2026春:268500,2026春,数学基础,QAPro,highest_s6,L2,L3,L3,RATER_DISAGREEMENT,PENDING,,,,
2,S1220,2026春:268502,2026春,概率统计与随机过程,QAPro,baseline_s3,低,中,中,RATER_DISAGREEMENT,PENDING,,,,
2,S1220,2026春:268502,2026春,概率统计与随机过程,QAPro,baseline_s6,L2,L1,L1,RATER_DISAGREEMENT,PENDING,,,,
2,S1220,2026春:268502,2026春,概率统计与随机过程,QAPro,highest_s6,L3,L4,L4,RATER_DISAGREEMENT,PENDING,,,,
2,S1227,2026春:268507,2026春,机器学习与人工智能,QAPro,highest_s6,L4,L5,L4,RATER_DISAGREEMENT,PENDING,,,,
2,S1244,2026春:268520,2026春,数学建模综合与案例,QAPro,highest_s6,L2,L5,L5,RATER_DISAGREEMENT,PENDING,,,,
2,S1247,2026春:268525,2026春,图论与网络,QAPro,highest_s3,中,高,高,RATER_DISAGREEMENT,PENDING,,,,
2,S1247,2026春:268525,2026春,图论与网络,QAPro,highest_s6,L2,L5,L5,RATER_DISAGREEMENT,PENDING,,,,
2,S1284,2026春:268543,2026春,数据处理与可视化,QAPro,highest_s6,L2,L4,L2,RATER_DISAGREEMENT,PENDING,,,,
3,S0002,2025秋:259340,2025秋,图论与网络,QAPro,highest_s3,高,高,高,AGREEMENT_AUDIT_SAMPLE,PENDING,,,,
3,S0003,2025秋:259317,2025秋,数值计算与科学计算,QAPro,baseline_s3,中,中,中,AGREEMENT_AUDIT_SAMPLE,PENDING,,,,
3,S0015,2025秋:258953,2025秋,数据处理与可视化,QAPro,baseline_s3,高,高,高,AGREEMENT_AUDIT_SAMPLE,PENDING,,,,
3,S0018,2025秋:258959,2025秋,优化与运筹,QAPro,baseline_s3,低,低,低,AGREEMENT_AUDIT_SAMPLE,PENDING,,,,
3,S0028,2025秋:258868,2025秋,评价与决策,QAPro,highest_s6,L2,L2,L2,AGREEMENT_AUDIT_SAMPLE,PENDING,,,,
3,S0034,2025秋:259092,2025秋,优化与运筹,QAPro,baseline_s6,L1,L1,L1,AGREEMENT_AUDIT_SAMPLE,PENDING,,,,
3,S0052,2025秋:258430,2025秋,数据处理与可视化,QAPro,highest_s3,高,高,高,AGREEMENT_AUDIT_SAMPLE,PENDING,,,,
3,S0055,2025秋:258963,2025秋,其他领域,QAPro,highest_s6,L4,L4,L4,AGREEMENT_AUDIT_SAMPLE,PENDING,,,,
3,S0057,2025秋:259851,2025秋,优化与运筹,QAPro,baseline_s6,U,U,U,AGREEMENT_AUDIT_SAMPLE,PENDING,,,,
3,S0058,2025秋:258857,2025秋,图论与网络,QAPro,baseline_s6,U,U,U,AGREEMENT_AUDIT_SAMPLE,PENDING,,,,
3,S0066,2025秋:259043,2025秋,机器学习与人工智能,QAPro,highest_s3,高,高,高,AGREEMENT_AUDIT_SAMPLE,PENDING,,,,
3,S0081,2025秋:258961,2025秋,机器学习与人工智能,QAPro,baseline_s6,U,U,U,AGREEMENT_AUDIT_SAMPLE,PENDING,,,,
3,S0083,2025秋:258486,2025秋,优化与运筹,QAPro,baseline_s6,U,U,U,AGREEMENT_AUDIT_SAMPLE,PENDING,,,,
3,S0092,2025秋:258912,2025秋,优化与运筹,QAPro,highest_s3,低,低,低,AGREEMENT_AUDIT_SAMPLE,PENDING,,,,
3,S0093,2025秋:258941,2025秋,数学建模综合与案例,QA3,baseline_s6,U,U,U,AGREEMENT_AUDIT_SAMPLE,PENDING,,,,
3,S0095,2025秋:258892,2025秋,优化与运筹,QAPro,highest_s3,高,高,高,AGREEMENT_AUDIT_SAMPLE,PENDING,,,,
3,S0098,2025秋:259322,2025秋,数据处理与可视化,QAPro,baseline_s3,U,U,U,AGREEMENT_AUDIT_SAMPLE,PENDING,,,,
3,S0120,2025秋:258923,2025秋,优化与运筹,QAPro,baseline_s3,低,低,低,AGREEMENT_AUDIT_SAMPLE,PENDING,,,,
3,S0136,2025秋:259161,2025秋,学习过程与工具使用,QA3,baseline_s3,U,U,U,AGREEMENT_AUDIT_SAMPLE,PENDING,,,,
3,S0167,2025秋:259448,2025秋,图论与网络,QAPro,highest_s3,高,高,高,AGREEMENT_AUDIT_SAMPLE,PENDING,,,,
3,S0180,2025秋:259954,2025秋,优化与运筹,QA3,baseline_s3,U,U,U,AGREEMENT_AUDIT_SAMPLE,PENDING,,,,
3,S0181,2025秋:259430,2025秋,优化与运筹,QAPro,highest_s3,中,中,中,AGREEMENT_AUDIT_SAMPLE,PENDING,,,,
3,S0184,2025秋:258532,2025秋,优化与运筹,QA3,baseline_s6,U,U,U,AGREEMENT_AUDIT_SAMPLE,PENDING,,,,
3,S0188,2025秋:259325,2025秋,学习过程与工具使用,QA3,baseline_s6,U,U,U,AGREEMENT_AUDIT_SAMPLE,PENDING,,,,
3,S0189,2025秋:259969,2025秋,机器学习与人工智能,QA3,baseline_s6,U,U,U,AGREEMENT_AUDIT_SAMPLE,PENDING,,,,
3,S0193,2025秋:259419,2025秋,机器学习与人工智能,QAPro,baseline_s6,L1,L1,L1,AGREEMENT_AUDIT_SAMPLE,PENDING,,,,
3,S0197,2025秋:259929,2025秋,微分方程与动态系统,QAPro,baseline_s6,U,U,U,AGREEMENT_AUDIT_SAMPLE,PENDING,,,,
3,S0202,2025秋:258987,2025秋,微分方程与动态系统,QAPro,highest_s6,U,U,U,AGREEMENT_AUDIT_SAMPLE,PENDING,,,,
3,S0207,2025秋:258906,2025秋,概率统计与随机过程,QAPro,baseline_s3,高,高,高,AGREEMENT_AUDIT_SAMPLE,PENDING,,,,
3,S0210,2025秋:259161,2025秋,微分方程与动态系统,QAPro,baseline_s6,L2,L2,L2,AGREEMENT_AUDIT_SAMPLE,PENDING,,,,
3,S0214,2025秋:25A070,2025秋,机器学习与人工智能,QAPro,highest_s3,高,高,高,AGREEMENT_AUDIT_SAMPLE,PENDING,,,,
3,S0216,2025秋:25A168,2025秋,其他领域,QAPro,highest_s3,高,高,高,AGREEMENT_AUDIT_SAMPLE,PENDING,,,,
3,S0221,2025秋:258899,2025秋,概率统计与随机过程,QAPro,highest_s3,U,U,U,AGREEMENT_AUDIT_SAMPLE,PENDING,,,,
3,S0226,2025秋:258867,2025秋,优化与运筹,QAPro,highest_s3,高,高,高,AGREEMENT_AUDIT_SAMPLE,PENDING,,,,
3,S0230,2025秋:259324,2025秋,机器学习与人工智能,QAPro,highest_s3,低,低,低,AGREEMENT_AUDIT_SAMPLE,PENDING,,,,
3,S0230,2025秋:259324,2025秋,机器学习与人工智能,QAPro,highest_s6,U,U,U,AGREEMENT_AUDIT_SAMPLE,PENDING,,,,
3,S0238,2025秋:259104,2025秋,概率统计与随机过程,QA3,baseline_s3,U,U,U,AGREEMENT_AUDIT_SAMPLE,PENDING,,,,
3,S0238,2025秋:259104,2025秋,概率统计与随机过程,QA3,baseline_s6,U,U,U,AGREEMENT_AUDIT_SAMPLE,PENDING,,,,
3,S0240,2025秋:258897,2025秋,其他领域,QAPro,baseline_s6,U,U,U,AGREEMENT_AUDIT_SAMPLE,PENDING,,,,
3,S0240,2025秋:258897,2025秋,其他领域,QAPro,highest_s6,U,U,U,AGREEMENT_AUDIT_SAMPLE,PENDING,,,,
3,S0244,2025秋:259917,2025秋,机器学习与人工智能,QAPro,baseline_s3,低,低,低,AGREEMENT_AUDIT_SAMPLE,PENDING,,,,
3,S0246,2025秋:25A086,2025秋,概率统计与随机过程,QAPro,highest_s3,中,中,高,AGREEMENT_AUDIT_SAMPLE,PENDING,,,,
3,S0266,2025秋:259116,2025秋,机器学习与人工智能,QAPro,highest_s3,高,高,高,AGREEMENT_AUDIT_SAMPLE,PENDING,,,,
3,S0268,2025秋:259863,2025秋,微分方程与动态系统,QAPro,baseline_s3,高,高,高,AGREEMENT_AUDIT_SAMPLE,PENDING,,,,
3,S0276,2025秋:259921,2025秋,机器学习与人工智能,QAPro,highest_s3,中,中,中,AGREEMENT_AUDIT_SAMPLE,PENDING,,,,
3,S0277,2025秋:259952,2025秋,优化与运筹,QAPro,baseline_s6,L2,L2,L2,AGREEMENT_AUDIT_SAMPLE,PENDING,,,,
3,S0280,2025秋:258439,2025秋,数学建模综合与案例,QAPro,baseline_s6,L6,L6,L6,AGREEMENT_AUDIT_SAMPLE,PENDING,,,,
3,S0288,2025秋:259321,2025秋,数值计算与科学计算,QAPro,baseline_s6,L1,L1,L1,AGREEMENT_AUDIT_SAMPLE,PENDING,,,,
3,S0300,2025秋:258526,2025秋,机器学习与人工智能,QAPro,baseline_s6,L2,L2,L2,AGREEMENT_AUDIT_SAMPLE,PENDING,,,,
3,S0303,2025秋:258881,2025秋,数值计算与科学计算,QAPro,highest_s3,高,高,高,AGREEMENT_AUDIT_SAMPLE,PENDING,,,,
3,S0305,2025秋:259020,2025秋,优化与运筹,QAPro,baseline_s6,U,U,U,AGREEMENT_AUDIT_SAMPLE,PENDING,,,,
3,S0306,2025秋:259445,2025秋,图论与网络,QAPro,baseline_s3,U,U,U,AGREEMENT_AUDIT_SAMPLE,PENDING,,,,
3,S0318,2025秋:259899,2025秋,概率统计与随机过程,QAPro,baseline_s3,低,低,低,AGREEMENT_AUDIT_SAMPLE,PENDING,,,,
3,S0318,2025秋:259899,2025秋,概率统计与随机过程,QAPro,highest_s3,低,低,低,AGREEMENT_AUDIT_SAMPLE,PENDING,,,,
3,S0319,2025秋:258425,2025秋,微分方程与动态系统,QAPro,baseline_s6,L1,L1,L1,AGREEMENT_AUDIT_SAMPLE,PENDING,,,,
3,S0325,2025秋:259332,2025秋,数值计算与科学计算,QAPro,baseline_s3,U,U,U,AGREEMENT_AUDIT_SAMPLE,PENDING,,,,
3,S0326,2025秋:259009,2025秋,优化与运筹,QAPro,highest_s3,U,U,U,AGREEMENT_AUDIT_SAMPLE,PENDING,,,,
3,S0335,2025秋:258521,2025秋,概率统计与随机过程,QAPro,baseline_s6,U,U,U,AGREEMENT_AUDIT_SAMPLE,PENDING,,,,
3,S0346,2025秋:259887,2025秋,优化与运筹,QAPro,baseline_s6,U,U,U,AGREEMENT_AUDIT_SAMPLE,PENDING,,,,
3,S0351,2025秋:258922,2025秋,优化与运筹,QAPro,highest_s3,高,高,高,AGREEMENT_AUDIT_SAMPLE,PENDING,,,,
3,S0357,2025秋:258921,2025秋,数据处理与可视化,QAPro,baseline_s3,U,U,U,AGREEMENT_AUDIT_SAMPLE,PENDING,,,,
3,S0361,2025秋:259049,2025秋,数值计算与科学计算,QAPro,highest_s3,低,低,低,AGREEMENT_AUDIT_SAMPLE,PENDING,,,,
3,S0361,2025秋:259049,2025秋,数值计算与科学计算,QAPro,highest_s6,L1,L1,L1,AGREEMENT_AUDIT_SAMPLE,PENDING,,,,
3,S0362,2025秋:258907,2025秋,优化与运筹,QAPro,highest_s6,L4,L4,L4,AGREEMENT_AUDIT_SAMPLE,PENDING,,,,
3,S0364,2025秋:258878,2025秋,优化与运筹,QAPro,highest_s3,高,高,高,AGREEMENT_AUDIT_SAMPLE,PENDING,,,,
3,S0390,2025秋:258856,2025秋,优化与运筹,QA3,baseline_s6,U,U,U,AGREEMENT_AUDIT_SAMPLE,PENDING,,,,
3,S0401,2025秋:259858,2025秋,优化与运筹；其他领域,QAPro,baseline_s6,U,U,U,AGREEMENT_AUDIT_SAMPLE,PENDING,,,,
3,S0409,2025秋:258932,2025秋,概率统计与随机过程,QAPro,baseline_s3,中,中,中,AGREEMENT_AUDIT_SAMPLE,PENDING,,,,
3,S0416,2025秋:259003,2025秋,微分方程与动态系统,QA3,baseline_s3,中,中,中,AGREEMENT_AUDIT_SAMPLE,PENDING,,,,
3,S0451,2025秋:259389,2025秋,概率统计与随机过程,QAPro,highest_s6,U,U,U,AGREEMENT_AUDIT_SAMPLE,PENDING,,,,
3,S0454,2025秋:259426,2025秋,优化与运筹,QAPro,baseline_s6,U,U,U,AGREEMENT_AUDIT_SAMPLE,PENDING,,,,
3,S0463,2025秋:259023,2025秋,机器学习与人工智能,QAPro,baseline_s6,L2,L2,L2,AGREEMENT_AUDIT_SAMPLE,PENDING,,,,
3,S0472,2025秋:25A168,2025秋,概率统计与随机过程,QAPro,baseline_s3,中,中,中,AGREEMENT_AUDIT_SAMPLE,PENDING,,,,
3,S0473,2025秋:258892,2025秋,图论与网络,QAPro,highest_s3,中,中,中,AGREEMENT_AUDIT_SAMPLE,PENDING,,,,
3,S0476,2025秋:259851,2025秋,优化与运筹,QA3,baseline_s6,U,U,U,AGREEMENT_AUDIT_SAMPLE,PENDING,,,,
3,S0484,2025秋:258865,2025秋,图论与网络,QAPro,baseline_s6,U,U,U,AGREEMENT_AUDIT_SAMPLE,PENDING,,,,
3,S0486,2025秋:258976,2025秋,机器学习与人工智能,QAPro,baseline_s3,中,中,中,AGREEMENT_AUDIT_SAMPLE,PENDING,,,,
3,S0491,2025秋:258990,2025秋,概率统计与随机过程,QAPro,highest_s3,高,高,高,AGREEMENT_AUDIT_SAMPLE,PENDING,,,,
3,S0500,2025秋:259431,2025秋,优化与运筹,QAPro,baseline_s3,中,中,中,AGREEMENT_AUDIT_SAMPLE,PENDING,,,,
3,S0500,2025秋:259431,2025秋,优化与运筹,QAPro,highest_s3,中,中,中,AGREEMENT_AUDIT_SAMPLE,PENDING,,,,
3,S0542,2025秋:248797,2025秋,数学基础；机器学习与人工智能,QAPro,baseline_s3,U,U,U,AGREEMENT_AUDIT_SAMPLE,PENDING,,,,
3,S0572,2025秋:259161,2025秋,图论与网络,QAPro,baseline_s6,U,U,U,AGREEMENT_AUDIT_SAMPLE,PENDING,,,,
3,S0590,2025秋:258486,2025秋,机器学习与人工智能,QAPro,baseline_s3,U,U,U,AGREEMENT_AUDIT_SAMPLE,PENDING,,,,
3,S0590,2025秋:258486,2025秋,机器学习与人工智能,QAPro,baseline_s6,U,U,U,AGREEMENT_AUDIT_SAMPLE,PENDING,,,,
3,S0606,2025秋:25A168,2025秋,机器学习与人工智能,QA3,baseline_s3,U,U,U,AGREEMENT_AUDIT_SAMPLE,PENDING,,,,
3,S0609,2025秋:259897,2025秋,优化与运筹,QAPro,baseline_s3,U,U,U,AGREEMENT_AUDIT_SAMPLE,PENDING,,,,
3,S0637,2025秋:25A156,2025秋,概率统计与随机过程,QA3,baseline_s3,U,U,U,AGREEMENT_AUDIT_SAMPLE,PENDING,,,,
3,S0637,2025秋:25A156,2025秋,概率统计与随机过程,QA3,baseline_s6,U,U,U,AGREEMENT_AUDIT_SAMPLE,PENDING,,,,
3,S0649,2025秋:258939,2025秋,优化与运筹,QA3,baseline_s6,U,U,U,AGREEMENT_AUDIT_SAMPLE,PENDING,,,,
3,S0650,2025秋:258939,2025秋,优化与运筹,QA3,baseline_s3,U,U,U,AGREEMENT_AUDIT_SAMPLE,PENDING,,,,
3,S0653,2025秋:259427,2025秋,优化与运筹；评价与决策,QAPro,baseline_s3,U,U,U,AGREEMENT_AUDIT_SAMPLE,PENDING,,,,
3,S0654,2025秋:240801,2025秋,优化与运筹,QAPro,highest_s6,U,U,U,AGREEMENT_AUDIT_SAMPLE,PENDING,,,,
3,S0666,2025秋:258440,2025秋,机器学习与人工智能,QAPro,highest_s6,L6,L6,L6,AGREEMENT_AUDIT_SAMPLE,PENDING,,,,
3,S0669,2025秋:258427,2025秋,图论与网络,QA3,baseline_s3,U,U,U,AGREEMENT_AUDIT_SAMPLE,PENDING,,,,
3,S0672,2025秋:259346,2025秋,优化与运筹,QAPro,highest_s3,U,U,中,AGREEMENT_AUDIT_SAMPLE,PENDING,,,,
3,S0708,2025秋:259449,2025秋,微分方程与动态系统；机器学习与人工智能,QA3,baseline_s3,U,U,U,AGREEMENT_AUDIT_SAMPLE,PENDING,,,,
3,S0717,2025秋:258885,2025秋,优化与运筹,QA3,baseline_s3,U,U,U,AGREEMENT_AUDIT_SAMPLE,PENDING,,,,
3,S0751,2025秋:25A150,2025秋,优化与运筹,QA3,baseline_s6,U,U,U,AGREEMENT_AUDIT_SAMPLE,PENDING,,,,
3,S0754,2025秋:259020,2025秋,图论与网络,QA3,baseline_s3,U,U,U,AGREEMENT_AUDIT_SAMPLE,PENDING,,,,
3,S0809,2025秋:259321,2025秋,机器学习与人工智能,QA3,baseline_s6,U,U,U,AGREEMENT_AUDIT_SAMPLE,PENDING,,,,
3,S0818,2026春:250695,2026春,数学基础,QAPro,highest_s3,中,中,中,AGREEMENT_AUDIT_SAMPLE,PENDING,,,,
3,S0829,2026春:250868,2026春,数学建模综合与案例,QA3,baseline_s6,U,U,U,AGREEMENT_AUDIT_SAMPLE,PENDING,,,,
3,S0844,2026春:259406,2026春,数学建模综合与案例；机器学习与人工智能,QA3,baseline_s3,高,高,高,AGREEMENT_AUDIT_SAMPLE,PENDING,,,,
3,S0871,2026春:268044,2026春,机器学习与人工智能,QA3,baseline_s6,U,U,U,AGREEMENT_AUDIT_SAMPLE,PENDING,,,,
3,S0909,2026春:268119,2026春,学习过程与工具使用,QA3,baseline_s3,U,U,U,AGREEMENT_AUDIT_SAMPLE,PENDING,,,,
3,S0925,2026春:268124,2026春,学习过程与工具使用；数学基础,QAPro,baseline_s6,U,U,U,AGREEMENT_AUDIT_SAMPLE,PENDING,,,,
3,S0925,2026春:268124,2026春,学习过程与工具使用；数学基础,QAPro,highest_s3,U,U,U,AGREEMENT_AUDIT_SAMPLE,PENDING,,,,
3,S0925,2026春:268124,2026春,学习过程与工具使用；数学基础,QAPro,highest_s6,U,U,U,AGREEMENT_AUDIT_SAMPLE,PENDING,,,,
3,S0936,2026春:268127,2026春,学习过程与工具使用,QAPro,highest_s3,U,U,U,AGREEMENT_AUDIT_SAMPLE,PENDING,,,,
3,S0937,2026春:268130,2026春,机器学习与人工智能,QA3,baseline_s3,U,U,U,AGREEMENT_AUDIT_SAMPLE,PENDING,,,,
3,S0939,2026春:268130,2026春,其他领域,QA3,baseline_s6,U,U,U,AGREEMENT_AUDIT_SAMPLE,PENDING,,,,
3,S0941,2026春:268131,2026春,其他领域,QA3,baseline_s6,U,U,U,AGREEMENT_AUDIT_SAMPLE,PENDING,,,,
3,S0943,2026春:268133,2026春,优化与运筹,QA3,baseline_s3,U,U,U,AGREEMENT_AUDIT_SAMPLE,PENDING,,,,
3,S0953,2026春:268137,2026春,其他领域,QAPro,highest_s6,U,U,U,AGREEMENT_AUDIT_SAMPLE,PENDING,,,,
3,S0954,2026春:268137,2026春,概率统计与随机过程,QAPro,highest_s3,低,低,低,AGREEMENT_AUDIT_SAMPLE,PENDING,,,,
3,S0956,2026春:268139,2026春,概率统计与随机过程,QAPro,highest_s3,高,高,高,AGREEMENT_AUDIT_SAMPLE,PENDING,,,,
3,S0956,2026春:268139,2026春,概率统计与随机过程,QAPro,highest_s6,L5,L5,L5,AGREEMENT_AUDIT_SAMPLE,PENDING,,,,
3,S0964,2026春:268140,2026春,优化与运筹,QAPro,highest_s3,高,高,高,AGREEMENT_AUDIT_SAMPLE,PENDING,,,,
3,S0983,2026春:268144,2026春,优化与运筹,QAPro,baseline_s3,中,中,中,AGREEMENT_AUDIT_SAMPLE,PENDING,,,,
3,S0988,2026春:268145,2026春,概率统计与随机过程,QAPro,highest_s6,L1,L1,L1,AGREEMENT_AUDIT_SAMPLE,PENDING,,,,
3,S1050,2026春:268183,2026春,学习过程与工具使用；数学基础；机器学习与人工智能,QAPro,baseline_s6,U,U,U,AGREEMENT_AUDIT_SAMPLE,PENDING,,,,
3,S1062,2026春:268192,2026春,图论与网络,QAPro,baseline_s6,U,U,U,AGREEMENT_AUDIT_SAMPLE,PENDING,,,,
3,S1066,2026春:268194,2026春,学习过程与工具使用；数学建模综合与案例,QA3,baseline_s6,U,U,U,AGREEMENT_AUDIT_SAMPLE,PENDING,,,,
3,S1083,2026春:268206,2026春,概率统计与随机过程,QAPro,baseline_s3,低,低,低,AGREEMENT_AUDIT_SAMPLE,PENDING,,,,
3,S1091,2026春:268216,2026春,数学建模综合与案例,QA3,baseline_s3,U,U,U,AGREEMENT_AUDIT_SAMPLE,PENDING,,,,
3,S1102,2026春:268226,2026春,学习过程与工具使用,QA3,baseline_s3,U,U,U,AGREEMENT_AUDIT_SAMPLE,PENDING,,,,
3,S1117,2026春:268241,2026春,数学建模综合与案例,QA3,baseline_s6,U,U,U,AGREEMENT_AUDIT_SAMPLE,PENDING,,,,
3,S1118,2026春:268241,2026春,优化与运筹,QAPro,highest_s3,高,高,高,AGREEMENT_AUDIT_SAMPLE,PENDING,,,,
3,S1118,2026春:268241,2026春,优化与运筹,QAPro,highest_s6,L4,L4,L4,AGREEMENT_AUDIT_SAMPLE,PENDING,,,,
3,S1129,2026春:268241,2026春,其他领域,QAPro,baseline_s6,U,U,U,AGREEMENT_AUDIT_SAMPLE,PENDING,,,,
3,S1138,2026春:268247,2026春,机器学习与人工智能,QAPro,baseline_s3,U,U,U,AGREEMENT_AUDIT_SAMPLE,PENDING,,,,
3,S1140,2026春:268247,2026春,数学建模综合与案例,QAPro,baseline_s3,U,U,U,AGREEMENT_AUDIT_SAMPLE,PENDING,,,,
3,S1144,2026春:268248,2026春,机器学习与人工智能,QAPro,baseline_s3,高,高,高,AGREEMENT_AUDIT_SAMPLE,PENDING,,,,
3,S1171,2026春:268254,2026春,数学建模综合与案例,QA3,baseline_s6,U,U,U,AGREEMENT_AUDIT_SAMPLE,PENDING,,,,
3,S1194,2026春:268436,2026春,优化与运筹,QAPro,baseline_s6,U,U,U,AGREEMENT_AUDIT_SAMPLE,PENDING,,,,
3,S1199,2026春:268444,2026春,优化与运筹,QAPro,baseline_s3,中,中,中,AGREEMENT_AUDIT_SAMPLE,PENDING,,,,
3,S1199,2026春:268444,2026春,优化与运筹,QAPro,highest_s6,L4,L4,L4,AGREEMENT_AUDIT_SAMPLE,PENDING,,,,
3,S1200,2026春:268444,2026春,优化与运筹,QA3,baseline_s3,U,U,U,AGREEMENT_AUDIT_SAMPLE,PENDING,,,,
3,S1204,2026春:268457,2026春,学习过程与工具使用；数值计算与科学计算,QAPro,highest_s6,U,U,U,AGREEMENT_AUDIT_SAMPLE,PENDING,,,,
3,S1206,2026春:268498,2026春,概率统计与随机过程,QAPro,highest_s6,L2,L2,L2,AGREEMENT_AUDIT_SAMPLE,PENDING,,,,
3,S1207,2026春:268498,2026春,概率统计与随机过程,QAPro,baseline_s3,低,低,低,AGREEMENT_AUDIT_SAMPLE,PENDING,,,,
3,S1211,2026春:268500,2026春,微分方程与动态系统,QA3,baseline_s6,L1,L1,L1,AGREEMENT_AUDIT_SAMPLE,PENDING,,,,
3,S1213,2026春:268500,2026春,数学建模综合与案例,QAPro,highest_s3,U,U,U,AGREEMENT_AUDIT_SAMPLE,PENDING,,,,
3,S1219,2026春:268502,2026春,其他领域,QAPro,baseline_s3,U,U,U,AGREEMENT_AUDIT_SAMPLE,PENDING,,,,
3,S1219,2026春:268502,2026春,其他领域,QAPro,highest_s3,U,U,U,AGREEMENT_AUDIT_SAMPLE,PENDING,,,,
3,S1236,2026春:268513,2026春,优化与运筹,QAPro,baseline_s3,U,U,U,AGREEMENT_AUDIT_SAMPLE,PENDING,,,,
3,S1242,2026春:268520,2026春,数学基础,QAPro,highest_s6,U,U,U,AGREEMENT_AUDIT_SAMPLE,PENDING,,,,
3,S1244,2026春:268520,2026春,数学建模综合与案例,QAPro,baseline_s3,高,高,高,AGREEMENT_AUDIT_SAMPLE,PENDING,,,,
3,S1254,2026春:268532,2026春,微分方程与动态系统,QA3,baseline_s6,U,U,U,AGREEMENT_AUDIT_SAMPLE,PENDING,,,,
3,S1262,2026春:268533,2026春,数学建模综合与案例,QAPro,baseline_s6,U,U,U,AGREEMENT_AUDIT_SAMPLE,PENDING,,,,
3,S1268,2026春:268536,2026春,机器学习与人工智能,QA3,baseline_s6,U,U,U,AGREEMENT_AUDIT_SAMPLE,PENDING,,,,
3,S1269,2026春:268536,2026春,图论与网络,QAPro,highest_s6,L1,L1,L1,AGREEMENT_AUDIT_SAMPLE,PENDING,,,,
