任务段ID,会话ID,起始回合,结束回合,阶段标签,是否QA3,既有领域,关联领域片段ID,有效学生回合
S0001-Q01,S0001,1,4,NO_FOLLOWUP_NEEDED,False,优化与运筹,S0001-D01,[]
S0002-Q01,S0002,1,10,QA3,True,图论与网络,S0002-D01,"[3, 5, 7, 9]"
S0003-Q01,S0003,1,12,QA3,True,数值计算与科学计算,S0003-D01,"[3, 5, 7, 9, 11]"
S0004-Q01,S0004,1,2,NO_FOLLOWUP_NEEDED,False,领域待补,,[]
S0005-Q01,S0005,1,10,QA3,True,优化与运筹,S0005-D01,"[3, 5, 7, 9]"
S0006-Q01,S0006,1,2,NO_FOLLOWUP_NEEDED,False,领域待补,,[]
S0007-Q01,S0007,1,2,NO_FOLLOWUP_NEEDED,False,领域待补,,[]
S0007-Q02,S0007,3,4,NO_FOLLOWUP_NEEDED,False,优化与运筹,S0007-D01,[]
S0008-Q01,S0008,1,2,NO_FOLLOWUP_NEEDED,False,领域待补,,[]
S0009-Q01,S0009,1,2,NO_FOLLOWUP_NEEDED,False,领域待补,,[]
S0010-Q01,S0010,1,6,QA3,True,机器学习与人工智能,S0010-D01,"[3, 5]"
S0011-Q01,S0011,1,2,NO_FOLLOWUP_NEEDED,False,领域待补,,[]
S0012-Q01,S0012,1,2,NO_FOLLOWUP_NEEDED,False,领域待补,,[]
S0013-Q01,S0013,1,4,QA3,True,优化与运筹,S0013-D01,[3]
S0014-Q01,S0014,1,10,QA3,True,概率统计与随机过程,S0014-D01,"[3, 5, 7, 9]"
S0015-Q01,S0015,1,16,QA3,True,数据处理与可视化,S0015-D01,"[3, 5, 7, 9, 11, 13, 15]"
S0016-Q01,S0016,1,8,QA3,True,机器学习与人工智能,S0016-D01,"[3, 5, 7]"
S0017-Q01,S0017,1,14,QA3,True,优化与运筹,S0017-D01,"[3, 5, 7, 9, 11, 13]"
S0018-Q01,S0018,1,8,QA3,True,优化与运筹,S0018-D01,"[3, 5, 7]"
S0019-Q01,S0019,1,4,QA3,True,微分方程与动态系统,S0019-D01,[3]
S0020-Q01,S0020,1,6,QA3,True,学习过程与工具使用,S0020-D01,"[3, 5]"
S0021-Q01,S0021,1,10,QA3,True,优化与运筹,S0021-D01,"[3, 5, 7, 9]"
S0022-Q01,S0022,1,10,QA3,True,概率统计与随机过程,S0022-D01,"[3, 5, 7, 9]"
S0023-Q01,S0023,1,2,NO_FOLLOWUP_NEEDED,False,领域待补,,[]
S0023-Q02,S0023,3,4,NO_FOLLOWUP_NEEDED,False,微分方程与动态系统,S0023-D01,[]
S0024-Q01,S0024,1,22,QA3,True,数值计算与科学计算,S0024-D01,"[3, 5, 7, 9, 11, 13, 15, 17, 19, 21]"
S0025-Q01,S0025,1,20,QA3,True,机器学习与人工智能,S0025-D01,"[3, 5, 7, 9, 11, 13, 15, 17, 19]"
S0026-Q01,S0026,1,2,STOPPED_NO_REPLY,False,领域待补,,[]
S0027-Q01,S0027,1,2,STOPPED_NO_REPLY,False,领域待补,,[]
S0028-Q01,S0028,1,10,QA3,True,评价与决策,S0028-D01,"[3, 5, 7, 9]"
S0029-Q01,S0029,1,22,QA3,True,优化与运筹,S0029-D01,"[3, 5, 7, 9, 11, 13, 15, 17, 19, 21]"
S0030-Q01,S0030,1,2,STOPPED_NO_REPLY,False,领域待补,,[]
S0031-Q01,S0031,1,4,QA3,True,优化与运筹,S0031-D01,[3]
S0032-Q01,S0032,1,2,NO_FOLLOWUP_NEEDED,False,领域待补,,[]
S0033-Q01,S0033,1,4,QA3,True,机器学习与人工智能,S0033-D01,[3]
S0034-Q01,S0034,1,8,QA3,True,优化与运筹,S0034-D01,"[3, 5, 7]"
S0035-Q01,S0035,1,2,STOPPED_NO_REPLY,False,领域待补,,[]
S0036-Q01,S0036,1,12,QA3,True,优化与运筹,S0036-D01,"[3, 5, 7, 9, 11]"
S0037-Q01,S0037,1,10,QA3,True,概率统计与随机过程,S0037-D01,"[3, 5, 7, 9]"
S0038-Q01,S0038,1,2,NO_FOLLOWUP_NEEDED,False,领域待补,,[]
S0039-Q01,S0039,1,14,QA3,True,优化与运筹,S0039-D01,"[3, 5, 7, 9, 11, 13]"
S0040-Q01,S0040,1,8,QA3,True,概率统计与随机过程,S0040-D01,"[3, 5, 7]"
S0041-Q01,S0041,1,12,QA3,True,数学基础,S0041-D01,"[3, 5, 7, 9, 11]"
S0042-Q01,S0042,1,6,QA3,True,优化与运筹,S0042-D01,"[3, 5]"
S0043-Q01,S0043,1,2,STOPPED_NO_REPLY,False,领域待补,,[]
S0044-Q01,S0044,1,2,NO_FOLLOWUP_NEEDED,False,领域待补,,[]
S0045-Q01,S0045,1,2,NO_FOLLOWUP_NEEDED,False,领域待补,,[]
S0046-Q01,S0046,1,4,POOR_REPLY,False,机器学习与人工智能,S0046-D01,[]
S0047-Q01,S0047,1,2,NO_FOLLOWUP_NEEDED,False,领域待补,,[]
S0048-Q01,S0048,1,6,QA3,True,数值计算与科学计算,S0048-D01,"[3, 5]"
S0049-Q01,S0049,1,2,NO_FOLLOWUP_NEEDED,False,领域待补,,[]
S0050-Q01,S0050,1,18,NO_FOLLOWUP_NEEDED,False,领域待补,,[]
S0051-Q01,S0051,1,14,QA3,True,机器学习与人工智能,S0051-D01,"[3, 5, 7, 9, 11, 13]"
S0052-Q01,S0052,1,12,QA3,True,数据处理与可视化,S0052-D01,"[3, 5, 7, 9, 11]"
S0053-Q01,S0053,1,2,NO_FOLLOWUP_NEEDED,False,领域待补,,[]
S0054-Q01,S0054,1,2,STOPPED_NO_REPLY,False,领域待补,,[]
S0055-Q01,S0055,1,14,QA3,True,其他与待判定,S0055-D01,"[3, 5, 7, 9, 11, 13]"
S0056-Q01,S0056,1,16,QA3,True,机器学习与人工智能,S0056-D01,"[3, 5, 7, 9, 11, 13, 15]"
S0057-Q01,S0057,1,6,QA3,True,优化与运筹,S0057-D01,"[3, 5]"
S0058-Q01,S0058,1,6,QA3,True,图论与网络,S0058-D01,"[3, 5]"
S0059-Q01,S0059,1,12,QA3,True,图论与网络,S0059-D01,"[3, 5, 7, 9, 11]"
S0060-Q01,S0060,1,30,QA3,True,概率统计与随机过程,S0060-D01,"[3, 5, 7, 9, 13, 15, 17, 19, 21, 23, 25, 27, 29]"
S0061-Q01,S0061,1,6,QA3,True,优化与运筹,S0061-D01,"[3, 5]"
S0062-Q01,S0062,1,4,QA3,True,图论与网络,S0062-D01,[3]
S0063-Q01,S0063,1,8,QA3,True,数据处理与可视化,S0063-D01,"[3, 5, 7]"
S0064-Q01,S0064,1,2,NO_FOLLOWUP_NEEDED,False,领域待补,,[]
S0065-Q01,S0065,1,2,NO_FOLLOWUP_NEEDED,False,领域待补,,[]
S0065-Q02,S0065,3,4,NO_FOLLOWUP_NEEDED,False,优化与运筹,S0065-D01,[]
S0065-Q03,S0065,5,8,QA3,True,优化与运筹,S0065-D01,[7]
S0066-Q01,S0066,1,14,QA3,True,机器学习与人工智能,S0066-D01,"[3, 5, 7, 9, 11, 13]"
S0067-Q01,S0067,1,16,QA3,True,优化与运筹,S0067-D01,"[3, 5, 7, 9, 11, 13, 15]"
S0068-Q01,S0068,1,12,QA3,True,概率统计与随机过程,S0068-D01,"[3, 5, 7, 9]"
S0069-Q01,S0069,1,4,QA3,True,机器学习与人工智能,S0069-D01,[3]
S0070-Q01,S0070,1,2,STOPPED_NO_REPLY,False,领域待补,,[]
S0071-Q01,S0071,1,2,STOPPED_NO_REPLY,False,领域待补,,[]
S0072-Q01,S0072,1,2,NO_FOLLOWUP_NEEDED,False,领域待补,,[]
S0073-Q01,S0073,1,12,QA3,True,数据处理与可视化,S0073-D01,"[3, 5, 7, 9, 11]"
S0074-Q01,S0074,1,12,QA3,True,优化与运筹,S0074-D01,"[3, 5, 7, 9, 11]"
S0075-Q01,S0075,1,8,QA3,True,概率统计与随机过程,S0075-D01,"[3, 5, 7]"
S0076-Q01,S0076,1,4,QA3,True,机器学习与人工智能,S0076-D01,[3]
S0077-Q01,S0077,1,4,QA3,True,概率统计与随机过程,S0077-D01,[3]
S0078-Q01,S0078,1,2,NO_FOLLOWUP_NEEDED,False,领域待补,,[]
S0078-Q02,S0078,3,4,NO_FOLLOWUP_NEEDED,False,概率统计与随机过程,S0078-D01,[]
S0078-Q03,S0078,5,6,NO_FOLLOWUP_NEEDED,False,机器学习与人工智能,S0078-D02,[]
S0079-Q01,S0079,1,2,NO_FOLLOWUP_NEEDED,False,领域待补,,[]
S0080-Q01,S0080,1,4,QA3,True,概率统计与随机过程,S0080-D01,[3]
S0081-Q01,S0081,1,18,QA3,True,机器学习与人工智能,S0081-D01,"[3, 5, 7, 9, 11, 13, 15, 17]"
S0082-Q01,S0082,1,2,STOPPED_NO_REPLY,False,领域待补,,[]
S0083-Q01,S0083,1,12,QA3,True,优化与运筹,S0083-D01,"[3, 5, 7, 9]"
S0084-Q01,S0084,1,10,QA3,True,概率统计与随机过程,S0084-D01,"[3, 5, 7, 9]"
S0085-Q01,S0085,1,6,NO_FOLLOWUP_NEEDED,False,领域待补,,[]
S0086-Q01,S0086,1,16,QA3,True,机器学习与人工智能,S0086-D01,"[3, 5, 7, 9, 11, 15]"
S0087-Q01,S0087,1,8,QA3,True,概率统计与随机过程,S0087-D01,"[3, 5, 7]"
S0088-Q01,S0088,1,10,QA3,True,优化与运筹,S0088-D01,"[3, 5, 7, 9]"
S0089-Q01,S0089,1,2,NO_FOLLOWUP_NEEDED,False,领域待补,,[]
S0090-Q01,S0090,1,2,STOPPED_NO_REPLY,False,领域待补,,[]
S0091-Q01,S0091,1,14,QA3,True,数值计算与科学计算,S0091-D01,"[3, 5, 7, 9, 11, 13]"
S0092-Q01,S0092,1,10,QA3,True,优化与运筹,S0092-D01,"[3, 5, 7, 9]"
S0093-Q01,S0093,1,12,QA3,True,数学建模综合与案例,S0093-D01,"[3, 5, 7, 9, 11]"
S0094-Q01,S0094,1,2,NO_FOLLOWUP_NEEDED,False,领域待补,,[]
S0095-Q01,S0095,1,16,QA3,True,优化与运筹,S0095-D01,"[3, 5, 7, 9, 11, 13, 15]"
S0096-Q01,S0096,1,14,QA3,True,优化与运筹,S0096-D01,"[3, 5, 7, 9, 11, 13]"
S0097-Q01,S0097,1,6,QA3,True,其他与待判定,S0097-D01,"[3, 5]"
S0098-Q01,S0098,1,10,QA3,True,数据处理与可视化,S0098-D01,"[3, 5, 7, 9]"
S0099-Q01,S0099,1,2,STOPPED_NO_REPLY,False,领域待补,,[]
S0100-Q01,S0100,1,2,NO_FOLLOWUP_NEEDED,False,领域待补,,[]
S0101-Q01,S0101,1,10,QA3,True,机器学习与人工智能,S0101-D01,"[3, 5, 7, 9]"
S0102-Q01,S0102,1,14,QA3,True,优化与运筹,S0102-D01,"[3, 5, 7, 9, 11, 13]"
S0103-Q01,S0103,1,16,QA3,True,微分方程与动态系统,S0103-D01,"[3, 5, 7, 9, 11, 13]"
S0104-Q01,S0104,1,12,POOR_REPLY,False,领域待补,,[]
S0105-Q01,S0105,1,2,NO_FOLLOWUP_NEEDED,False,领域待补,,[]
S0106-Q01,S0106,1,4,QA3,True,优化与运筹,S0106-D01,[3]
S0107-Q01,S0107,1,18,NO_FOLLOWUP_NEEDED,False,领域待补,,[]
S0108-Q01,S0108,1,18,NO_FOLLOWUP_NEEDED,False,领域待补,,[]
S0109-Q01,S0109,1,6,POOR_REPLY,False,微分方程与动态系统,S0109-D01,[]
S0110-Q01,S0110,1,2,NO_FOLLOWUP_NEEDED,False,领域待补,,[]
S0111-Q01,S0111,1,3,QA3,True,优化与运筹,S0111-D01,[3]
S0112-Q01,S0112,1,12,QA3,True,数学建模综合与案例,S0112-D01,"[3, 5, 7, 9, 11]"
S0113-Q01,S0113,1,6,QA3,True,数学建模综合与案例,S0113-D01,"[3, 5]"
S0114-Q01,S0114,1,2,NO_FOLLOWUP_NEEDED,False,领域待补,,[]
S0115-Q01,S0115,1,2,STOPPED_NO_REPLY,False,领域待补,,[]
S0116-Q01,S0116,1,2,NO_FOLLOWUP_NEEDED,False,领域待补,,[]
S0117-Q01,S0117,1,10,QA3,True,优化与运筹,S0117-D01,"[3, 5, 7, 9]"
S0118-Q01,S0118,1,6,QA3,True,图论与网络,S0118-D01,"[3, 5]"
S0119-Q01,S0119,1,10,QA3,True,微分方程与动态系统,S0119-D01,"[3, 5, 7, 9]"
S0120-Q01,S0120,1,4,QA3,True,优化与运筹,S0120-D01,[3]
S0121-Q01,S0121,1,6,QA3,True,学习过程与工具使用,S0121-D01,"[3, 5]"
S0122-Q01,S0122,1,2,NO_FOLLOWUP_NEEDED,False,领域待补,,[]
S0123-Q01,S0123,1,2,STOPPED_NO_REPLY,False,领域待补,,[]
S0124-Q01,S0124,1,4,REVIEW,False,优化与运筹,S0124-D01,[]
S0124-Q02,S0124,5,6,NO_FOLLOWUP_NEEDED,False,优化与运筹,S0124-D01,[]
S0125-Q01,S0125,1,6,QA3,True,机器学习与人工智能,S0125-D01,"[3, 5]"
S0126-Q01,S0126,1,2,STOPPED_NO_REPLY,False,领域待补,,[]
S0127-Q01,S0127,1,2,STOPPED_NO_REPLY,False,领域待补,,[]
S0127-Q02,S0127,3,12,QA3,True,机器学习与人工智能,S0127-D01,"[5, 7, 9, 11]"
S0128-Q01,S0128,1,18,QA3,True,概率统计与随机过程,S0128-D01,[9]
S0129-Q01,S0129,1,16,QA3,True,微分方程与动态系统,S0129-D01,"[3, 5, 7, 9, 11, 13, 15]"
S0130-Q01,S0130,1,14,QA3,True,优化与运筹,S0130-D01,"[3, 5, 7, 9, 11, 13]"
S0131-Q01,S0131,1,2,STOPPED_NO_REPLY,False,领域待补,,[]
S0132-Q01,S0132,1,10,QA3,True,其他与待判定,S0132-D01,"[3, 5, 7, 9]"
S0133-Q01,S0133,1,8,QA3,True,机器学习与人工智能,S0133-D01,"[3, 5, 7]"
S0134-Q01,S0134,1,2,STOPPED_NO_REPLY,False,领域待补,,[]
S0135-Q01,S0135,1,4,QA3,True,优化与运筹,S0135-D01,[3]
S0136-Q01,S0136,1,4,QA3,True,学习过程与工具使用,S0136-D01,[3]
S0137-Q01,S0137,1,14,QA3,True,其他与待判定,S0137-D01,"[3, 5, 7, 9, 11, 13]"
S0138-Q01,S0138,1,16,QA3,True,概率统计与随机过程,S0138-D01,"[3, 5, 7, 9, 11, 13, 15]"
S0139-Q01,S0139,1,12,QA3,True,优化与运筹,S0139-D01,"[3, 5, 7, 9, 11]"
S0140-Q01,S0140,1,2,STOPPED_NO_REPLY,False,领域待补,,[]
S0141-Q01,S0141,1,10,NO_FOLLOWUP_NEEDED,False,领域待补,,[]
S0142-Q01,S0142,1,4,QA3,True,图论与网络,S0142-D01,[3]
S0143-Q01,S0143,1,2,NO_FOLLOWUP_NEEDED,False,领域待补,,[]
S0144-Q01,S0144,1,10,QA3,True,图论与网络,S0144-D01,"[3, 5, 7, 9]"
S0145-Q01,S0145,1,2,STOPPED_NO_REPLY,False,领域待补,,[]
S0146-Q01,S0146,1,2,NO_FOLLOWUP_NEEDED,False,领域待补,,[]
S0147-Q01,S0147,1,2,NO_FOLLOWUP_NEEDED,False,领域待补,,[]
S0147-Q02,S0147,3,4,NO_FOLLOWUP_NEEDED,False,图论与网络,S0147-D01,[]
S0147-Q03,S0147,5,6,NO_FOLLOWUP_NEEDED,False,微分方程与动态系统,S0147-D02,[]
S0148-Q01,S0148,1,2,NO_FOLLOWUP_NEEDED,False,领域待补,,[]
S0149-Q01,S0149,1,16,QA3,True,优化与运筹,S0149-D01,"[3, 5, 7, 9, 11, 13, 15]"
S0150-Q01,S0150,1,2,STOPPED_NO_REPLY,False,领域待补,,[]
S0151-Q01,S0151,1,8,QA3,True,优化与运筹,S0151-D01,"[3, 5, 7]"
S0152-Q01,S0152,1,16,QA3,True,机器学习与人工智能,S0152-D01,"[3, 5, 7, 9, 11, 13, 15]"
S0153-Q01,S0153,1,12,QA3,True,数学建模综合与案例,S0153-D01,"[3, 5, 7, 9]"
S0154-Q01,S0154,1,2,STOPPED_NO_REPLY,False,领域待补,,[]
S0155-Q01,S0155,1,4,QA3,True,微分方程与动态系统,S0155-D01,[3]
S0156-Q01,S0156,1,2,NO_FOLLOWUP_NEEDED,False,领域待补,,[]
S0157-Q01,S0157,1,10,NO_FOLLOWUP_NEEDED,False,领域待补,,[]
S0158-Q01,S0158,1,8,QA3,True,优化与运筹,S0158-D01,"[3, 5, 7]"
S0159-Q01,S0159,1,20,QA3,True,机器学习与人工智能,S0159-D01,"[3, 5, 7, 9, 11, 13, 15, 17, 19]"
S0160-Q01,S0160,1,8,QA3,True,机器学习与人工智能,S0160-D01,"[3, 5, 7]"
S0161-Q01,S0161,1,18,NO_FOLLOWUP_NEEDED,False,领域待补,,[]
S0162-Q01,S0162,1,4,QA3,True,优化与运筹,S0162-D01,[3]
S0163-Q01,S0163,1,2,NO_FOLLOWUP_NEEDED,False,领域待补,,[]
S0164-Q01,S0164,1,2,NO_FOLLOWUP_NEEDED,False,领域待补,,[]
S0165-Q01,S0165,1,2,NO_FOLLOWUP_NEEDED,False,领域待补,,[]
S0166-Q01,S0166,1,2,NO_FOLLOWUP_NEEDED,False,领域待补,,[]
S0167-Q01,S0167,1,18,QA3,True,图论与网络,S0167-D01,"[3, 5, 7, 9, 11, 13, 15, 17]"
S0168-Q01,S0168,1,10,QA3,True,数值计算与科学计算,S0168-D01,"[3, 5, 7, 9]"
S0169-Q01,S0169,1,6,QA3,True,数值计算与科学计算,S0169-D01,"[3, 5]"
S0170-Q01,S0170,1,16,QA3,True,概率统计与随机过程,S0170-D01,"[3, 5, 7, 9, 11, 13, 15]"
S0171-Q01,S0171,1,10,QA3,True,优化与运筹 / 机器学习与人工智能,S0171-D01 / S0171-D02,"[3, 5, 7]"
S0172-Q01,S0172,1,4,QA3,True,优化与运筹,S0172-D01,[3]
S0173-Q01,S0173,1,2,NO_FOLLOWUP_NEEDED,False,领域待补,,[]
S0174-Q01,S0174,1,8,QA3,True,概率统计与随机过程,S0174-D01,[3]
S0175-Q01,S0175,1,16,QA3,True,机器学习与人工智能,S0175-D01,"[3, 5, 7, 9, 11, 13, 15]"
S0176-Q01,S0176,1,12,QA3,True,机器学习与人工智能,S0176-D01,"[3, 5, 7, 9, 11]"
S0177-Q01,S0177,1,10,QA3,True,微分方程与动态系统,S0177-D01,"[3, 5, 7, 9]"
S0178-Q01,S0178,1,2,STOPPED_NO_REPLY,False,领域待补,,[]
S0179-Q01,S0179,1,2,STOPPED_NO_REPLY,False,领域待补,,[]
S0180-Q01,S0180,1,4,QA3,True,优化与运筹,S0180-D01,[3]
S0181-Q01,S0181,1,10,QA3,True,优化与运筹,S0181-D01,"[3, 5, 7, 9]"
S0182-Q01,S0182,1,8,QA3,True,优化与运筹,S0182-D01,"[3, 5, 7]"
S0183-Q01,S0183,1,14,QA3,True,数值计算与科学计算,S0183-D01,"[3, 5, 7, 9, 11, 13]"
S0184-Q01,S0184,1,6,QA3,True,优化与运筹,S0184-D01,"[3, 5]"
S0185-Q01,S0185,1,4,QA3,True,优化与运筹,S0185-D01,[3]
S0186-Q01,S0186,1,8,QA3,True,图论与网络,S0186-D01,"[3, 5, 7]"
S0187-Q01,S0187,1,8,QA3,True,数值计算与科学计算,S0187-D01,"[3, 5, 7]"
S0188-Q01,S0188,1,6,QA3,True,学习过程与工具使用,S0188-D01,"[3, 5]"
S0189-Q01,S0189,1,4,QA3,True,机器学习与人工智能,S0189-D01,[3]
S0190-Q01,S0190,1,14,QA3,True,优化与运筹,S0190-D01,"[3, 5, 9, 11]"
S0191-Q01,S0191,1,4,QA3,True,数值计算与科学计算,S0191-D01,[3]
S0192-Q01,S0192,1,24,QA3,True,优化与运筹,S0192-D01,"[9, 19, 21, 23]"
S0193-Q01,S0193,1,10,QA3,True,机器学习与人工智能,S0193-D01,"[3, 5, 7, 9]"
S0194-Q01,S0194,1,8,QA3,True,图论与网络,S0194-D01,"[3, 5, 7]"
S0195-Q01,S0195,1,2,NO_FOLLOWUP_NEEDED,False,领域待补,,[]
S0196-Q01,S0196,1,6,QA3,True,数值计算与科学计算,S0196-D01,"[3, 5]"
S0197-Q01,S0197,1,12,QA3,True,微分方程与动态系统,S0197-D01,"[3, 5, 7, 9, 11]"
S0198-Q01,S0198,1,4,QA3,True,机器学习与人工智能,S0198-D01,[3]
S0199-Q01,S0199,1,4,QA3,True,机器学习与人工智能,S0199-D01,[3]
S0200-Q01,S0200,1,4,QA3,True,优化与运筹,S0200-D01,[3]
S0201-Q01,S0201,1,12,QA3,True,优化与运筹,S0201-D01,"[3, 5, 7, 9, 11]"
S0202-Q01,S0202,1,6,QA3,True,微分方程与动态系统,S0202-D01,"[3, 5]"
S0203-Q01,S0203,1,14,QA3,True,数据处理与可视化,S0203-D01,"[3, 5, 7, 9, 11, 13]"
S0204-Q01,S0204,1,12,QA3,True,优化与运筹,S0204-D01,"[3, 5, 7, 9, 11]"
S0205-Q01,S0205,1,8,QA3,True,图论与网络,S0205-D01,"[3, 5, 7]"
S0206-Q01,S0206,1,16,QA3,True,优化与运筹,S0206-D01,"[3, 5, 7, 9, 11, 13, 15]"
S0207-Q01,S0207,1,14,QA3,True,概率统计与随机过程,S0207-D01,"[3, 5, 7, 9, 11, 13]"
S0208-Q01,S0208,1,12,QA3,True,微分方程与动态系统,S0208-D01,"[3, 5, 7, 9, 11]"
S0209-Q01,S0209,1,12,QA3,True,机器学习与人工智能,S0209-D01,"[3, 5, 7, 9, 11]"
S0210-Q01,S0210,1,12,QA3,True,微分方程与动态系统,S0210-D01,"[3, 5, 7, 9, 11]"
S0211-Q01,S0211,1,2,NO_FOLLOWUP_NEEDED,False,领域待补,,[]
S0212-Q01,S0212,1,16,QA3,True,数值计算与科学计算 / 概率统计与随机过程,S0212-D01 / S0212-D02,"[3, 5, 7, 9, 11, 13, 15]"
S0213-Q01,S0213,1,14,QA3,True,其他与待判定,S0213-D01,"[3, 5, 7, 9, 11, 13]"
S0214-Q01,S0214,1,18,QA3,True,机器学习与人工智能,S0214-D01,"[9, 11, 13, 15, 17]"
S0215-Q01,S0215,1,10,QA3,True,其他与待判定,S0215-D01,"[3, 5, 7, 9]"
S0216-Q01,S0216,1,12,QA3,True,其他与待判定,S0216-D01,"[3, 5, 7, 9, 11]"
S0217-Q01,S0217,1,14,QA3,True,概率统计与随机过程,S0217-D01,"[3, 5, 7, 9, 11, 13]"
S0218-Q01,S0218,1,2,NO_FOLLOWUP_NEEDED,False,领域待补,,[]
S0219-Q01,S0219,1,8,QA3,True,优化与运筹,S0219-D01,"[3, 5, 7]"
S0220-Q01,S0220,1,10,QA3,True,数学建模综合与案例,S0220-D01,"[3, 5, 7, 9]"
S0221-Q01,S0221,1,2,NO_FOLLOWUP_NEEDED,False,领域待补,,[]
S0221-Q02,S0221,3,4,NO_FOLLOWUP_NEEDED,False,优化与运筹,S0221-D01,[]
S0221-Q03,S0221,5,10,QA3,True,概率统计与随机过程,S0221-D02,"[7, 9]"
S0222-Q01,S0222,1,2,STOPPED_NO_REPLY,False,领域待补,,[]
S0223-Q01,S0223,1,6,QA3,True,机器学习与人工智能,S0223-D01,"[3, 5]"
S0224-Q01,S0224,1,8,QA3,True,优化与运筹,S0224-D01,"[3, 5, 7]"
S0225-Q01,S0225,1,14,QA3,True,其他与待判定,S0225-D01,"[3, 5, 7, 9, 11, 13]"
S0226-Q01,S0226,1,18,QA3,True,优化与运筹,S0226-D01,"[3, 5, 7, 9, 11, 13, 15, 17]"
S0227-Q01,S0227,1,2,STOPPED_NO_REPLY,False,领域待补,,[]
S0228-Q01,S0228,1,24,QA3,True,其他与待判定,S0228-D01,"[3, 5, 7, 9, 11, 13, 15, 17, 19, 21, 23]"
S0229-Q01,S0229,1,2,STOPPED_NO_REPLY,False,领域待补,,[]
S0230-Q01,S0230,1,8,QA3,True,机器学习与人工智能,S0230-D01,"[3, 5, 7]"
S0231-Q01,S0231,1,2,NO_FOLLOWUP_NEEDED,False,领域待补,,[]
S0232-Q01,S0232,1,14,QA3,True,优化与运筹,S0232-D01,"[3, 5, 7, 9, 11, 13]"
S0233-Q01,S0233,1,2,NO_FOLLOWUP_NEEDED,False,领域待补,,[]
S0234-Q01,S0234,1,22,QA3,True,优化与运筹,S0234-D01,"[3, 5, 7, 9, 11, 13, 15, 17, 19]"
S0235-Q01,S0235,1,2,NO_FOLLOWUP_NEEDED,False,领域待补,,[]
S0235-Q02,S0235,3,4,NO_FOLLOWUP_NEEDED,False,优化与运筹,S0235-D01,[]
S0236-Q01,S0236,1,2,NO_FOLLOWUP_NEEDED,False,领域待补,,[]
S0237-Q01,S0237,1,6,QA3,True,优化与运筹,S0237-D01,"[3, 5]"
S0238-Q01,S0238,1,12,QA3,True,概率统计与随机过程,S0238-D01,"[3, 5, 7, 9, 11]"
S0238-Q02,S0238,13,16,QA3,True,概率统计与随机过程,S0238-D01,[15]
S0239-Q01,S0239,1,6,QA3,True,概率统计与随机过程,S0239-D01,"[3, 5]"
S0240-Q01,S0240,1,6,QA3,True,其他与待判定,S0240-D01,"[3, 5]"
S0241-Q01,S0241,1,12,QA3,True,优化与运筹,S0241-D01,"[3, 5, 7, 9, 11]"
S0242-Q01,S0242,1,2,NO_FOLLOWUP_NEEDED,False,领域待补,,[]
S0242-Q02,S0242,3,12,QA3,True,机器学习与人工智能,S0242-D01,"[5, 7, 9, 11]"
S0243-Q01,S0243,1,2,NO_FOLLOWUP_NEEDED,False,领域待补,,[]
S0244-Q01,S0244,1,16,QA3,True,机器学习与人工智能,S0244-D01,"[3, 5, 7, 9, 11, 13, 15]"
S0245-Q01,S0245,1,2,NO_FOLLOWUP_NEEDED,False,领域待补,,[]
S0246-Q01,S0246,1,12,QA3,True,概率统计与随机过程,S0246-D01,"[3, 5, 7, 9, 11]"
S0247-Q01,S0247,1,2,NO_FOLLOWUP_NEEDED,False,领域待补,,[]
S0248-Q01,S0248,1,14,QA3,True,机器学习与人工智能,S0248-D01,"[3, 5, 7, 9, 11, 13]"
S0249-Q01,S0249,1,4,QA3,True,机器学习与人工智能,S0249-D01,[3]
S0250-Q01,S0250,1,24,QA3,True,数学建模综合与案例,S0250-D01,"[3, 5, 7, 9, 11, 13, 15, 17, 19, 21, 23]"
S0251-Q01,S0251,1,4,QA3,True,数据处理与可视化,S0251-D01,[3]
S0252-Q01,S0252,1,4,QA3,True,概率统计与随机过程,S0252-D01,[3]
S0253-Q01,S0253,1,2,NO_FOLLOWUP_NEEDED,False,领域待补,,[]
S0254-Q01,S0254,1,8,NO_FOLLOWUP_NEEDED,False,领域待补,,[]
S0255-Q01,S0255,1,2,NO_FOLLOWUP_NEEDED,False,领域待补,,[]
S0256-Q01,S0256,1,14,QA3,True,图论与网络,S0256-D01,"[3, 5, 7, 9, 11, 13]"
S0257-Q01,S0257,1,6,QA3,True,概率统计与随机过程,S0257-D01,"[3, 5]"
S0258-Q01,S0258,1,20,QA3,True,微分方程与动态系统,S0258-D01,"[3, 5, 7, 9, 11, 13, 15, 17, 19]"
S0259-Q01,S0259,1,16,QA3,True,图论与网络,S0259-D01,"[3, 5, 7, 9, 11, 13, 15]"
S0260-Q01,S0260,1,10,NO_FOLLOWUP_NEEDED,False,领域待补,,[]
S0261-Q01,S0261,1,36,QA3,True,优化与运筹,S0261-D01,"[3, 5, 7, 9, 11, 13, 15, 17, 19, 21, 23, 25, 27, 29, 31, 33, 35]"
S0262-Q01,S0262,1,4,QA3,True,优化与运筹,S0262-D01,"[3, 4]"
S0263-Q01,S0263,1,6,QA3,True,概率统计与随机过程,S0263-D01,"[3, 5]"
S0264-Q01,S0264,1,2,NO_FOLLOWUP_NEEDED,False,领域待补,,[]
S0265-Q01,S0265,1,20,QA3,True,优化与运筹 / 图论与网络,S0265-D01 / S0265-D02,"[3, 5, 7, 9, 11, 13, 15, 17, 19]"
S0266-Q01,S0266,1,12,QA3,True,机器学习与人工智能,S0266-D01,"[3, 5, 7, 9, 11]"
S0267-Q01,S0267,1,4,QA3,True,机器学习与人工智能,S0267-D01,[3]
S0268-Q01,S0268,1,16,QA3,True,微分方程与动态系统,S0268-D01,"[3, 5, 7, 9, 11, 13, 15]"
S0269-Q01,S0269,1,8,QA3,True,优化与运筹,S0269-D01,"[3, 5, 7]"
S0270-Q01,S0270,1,2,NO_FOLLOWUP_NEEDED,False,领域待补,,[]
S0271-Q01,S0271,1,12,QA3,True,机器学习与人工智能,S0271-D01,"[3, 5, 7, 9, 11]"
S0272-Q01,S0272,1,2,NO_FOLLOWUP_NEEDED,False,领域待补,,[]
S0273-Q01,S0273,1,2,NO_FOLLOWUP_NEEDED,False,领域待补,,[]
S0274-Q01,S0274,1,14,QA3,True,机器学习与人工智能,S0274-D01,"[3, 5, 7, 9, 11, 13]"
S0275-Q01,S0275,1,6,QA3,True,机器学习与人工智能,S0275-D01,"[3, 5]"
S0276-Q01,S0276,1,14,QA3,True,机器学习与人工智能,S0276-D01,"[3, 5, 7, 9, 11, 13]"
S0277-Q01,S0277,1,14,QA3,True,优化与运筹,S0277-D01,"[3, 5, 7, 9, 11, 13]"
S0278-Q01,S0278,1,14,QA3,True,微分方程与动态系统,S0278-D01,"[3, 5, 7, 9, 11, 13]"
S0279-Q01,S0279,1,4,QA3,True,优化与运筹,S0279-D01,[3]
S0280-Q01,S0280,1,10,QA3,True,数学建模综合与案例,S0280-D01,"[3, 5, 7, 9]"
S0281-Q01,S0281,1,2,STOPPED_NO_REPLY,False,领域待补,,[]
S0282-Q01,S0282,1,2,NO_FOLLOWUP_NEEDED,False,领域待补,,[]
S0283-Q01,S0283,1,10,NO_FOLLOWUP_NEEDED,False,领域待补,,[]
S0284-Q01,S0284,1,4,QA3,True,优化与运筹,S0284-D01,[3]
S0285-Q01,S0285,1,12,QA3,True,机器学习与人工智能,S0285-D01,"[3, 5, 7, 9, 11]"
S0286-Q01,S0286,1,28,QA3,True,优化与运筹,S0286-D01,"[3, 5, 7, 9, 11, 13, 15, 17, 19, 21, 23, 25, 27]"
S0287-Q01,S0287,1,8,QA3,True,优化与运筹,S0287-D01,"[3, 5, 7]"
S0288-Q01,S0288,1,16,QA3,True,数值计算与科学计算,S0288-D01,"[3, 5, 7, 9, 11, 13, 15]"
S0289-Q01,S0289,1,2,NO_FOLLOWUP_NEEDED,False,领域待补,,[]
S0290-Q01,S0290,1,2,STOPPED_NO_REPLY,False,领域待补,,[]
S0291-Q01,S0291,1,16,QA3,True,优化与运筹,S0291-D01,"[3, 5, 7, 9, 11, 13]"
S0292-Q01,S0292,1,4,QA3,True,优化与运筹,S0292-D01,[3]
S0293-Q01,S0293,1,12,QA3,True,图论与网络,S0293-D01,"[3, 5, 7, 9, 11]"
S0294-Q01,S0294,1,10,QA3,True,机器学习与人工智能,S0294-D01,"[3, 5, 7, 9]"
S0295-Q01,S0295,1,8,QA3,True,概率统计与随机过程,S0295-D01,"[3, 5, 7]"
S0296-Q01,S0296,1,8,QA3,True,优化与运筹,S0296-D01,"[3, 5, 7]"
S0297-Q01,S0297,1,8,QA3,True,图论与网络,S0297-D01,"[3, 5, 7]"
S0298-Q01,S0298,1,2,STOPPED_NO_REPLY,False,领域待补,,[]
S0299-Q01,S0299,1,14,QA3,True,概率统计与随机过程,S0299-D01,"[3, 5, 7, 9, 11, 13]"
S0300-Q01,S0300,1,12,QA3,True,机器学习与人工智能,S0300-D01,"[3, 5, 7, 9, 11]"
S0301-Q01,S0301,1,2,NO_FOLLOWUP_NEEDED,False,领域待补,,[]
S0302-Q01,S0302,1,4,QA3,True,概率统计与随机过程,S0302-D01,[3]
S0303-Q01,S0303,1,14,QA3,True,数值计算与科学计算,S0303-D01,"[3, 5, 7, 9, 11, 13]"
S0304-Q01,S0304,1,18,QA3,True,优化与运筹,S0304-D01,"[3, 5, 7, 11, 13, 15, 17]"
S0305-Q01,S0305,1,6,QA3,True,优化与运筹,S0305-D01,"[3, 5]"
S0306-Q01,S0306,1,10,QA3,True,图论与网络,S0306-D01,"[3, 5, 7, 9]"
S0307-Q01,S0307,1,2,STOPPED_NO_REPLY,False,领域待补,,[]
S0308-Q01,S0308,1,2,NO_FOLLOWUP_NEEDED,False,领域待补,,[]
S0309-Q01,S0309,1,8,QA3,True,优化与运筹,S0309-D01,"[3, 5, 7]"
S0310-Q01,S0310,1,6,QA3,True,优化与运筹,S0310-D01,"[3, 5]"
S0311-Q01,S0311,1,22,QA3,True,概率统计与随机过程,S0311-D01,"[3, 5, 7, 9, 11, 13, 15, 17, 19, 21]"
S0312-Q01,S0312,1,2,NO_FOLLOWUP_NEEDED,False,领域待补,,[]
S0313-Q01,S0313,1,4,QA3,True,领域待补,,[3]
S0314-Q01,S0314,1,2,NO_FOLLOWUP_NEEDED,False,领域待补,,[]
S0315-Q01,S0315,1,10,QA3,True,概率统计与随机过程,S0315-D01,"[3, 5, 7, 9]"
S0316-Q01,S0316,1,2,NO_FOLLOWUP_NEEDED,False,领域待补,,[]
S0317-Q01,S0317,1,2,NO_FOLLOWUP_NEEDED,False,领域待补,,[]
S0318-Q01,S0318,1,10,QA3,True,概率统计与随机过程,S0318-D01,"[3, 5, 7, 9]"
S0319-Q01,S0319,1,4,QA3,True,微分方程与动态系统,S0319-D01,[3]
S0320-Q01,S0320,1,14,QA3,True,概率统计与随机过程,S0320-D01,"[3, 5, 7, 9, 11, 13]"
S0321-Q01,S0321,1,2,NO_FOLLOWUP_NEEDED,False,领域待补,,[]
S0322-Q01,S0322,1,2,STOPPED_NO_REPLY,False,领域待补,,[]
S0323-Q01,S0323,1,2,NO_FOLLOWUP_NEEDED,False,领域待补,,[]
S0324-Q01,S0324,1,6,QA3,True,数学基础,S0324-D01,"[3, 5]"
S0325-Q01,S0325,1,8,QA3,True,数值计算与科学计算,S0325-D01,"[3, 5, 7]"
S0326-Q01,S0326,1,4,QA3,True,优化与运筹,S0326-D01,[3]
S0327-Q01,S0327,1,4,QA3,True,优化与运筹,S0327-D01,[3]
S0328-Q01,S0328,1,8,QA3,True,学习过程与工具使用,S0328-D01,"[5, 7]"
S0329-Q01,S0329,1,4,NO_FOLLOWUP_NEEDED,False,优化与运筹,S0329-D01,[]
S0330-Q01,S0330,1,4,QA3,True,概率统计与随机过程,S0330-D01,[3]
S0331-Q01,S0331,1,4,QA3,True,机器学习与人工智能,S0331-D01,[3]
S0332-Q01,S0332,1,10,QA3,True,图论与网络,S0332-D01,"[3, 5, 7, 9]"
S0333-Q01,S0333,1,30,QA3,True,机器学习与人工智能 / 评价与决策,S0333-D01 / S0333-D02,"[3, 5, 7, 9, 11, 13, 15, 17, 19, 21, 23, 25, 27]"
S0334-Q01,S0334,1,2,NO_FOLLOWUP_NEEDED,False,领域待补,,[]
S0335-Q01,S0335,1,6,QA3,True,概率统计与随机过程,S0335-D01,"[3, 5]"
S0336-Q01,S0336,1,6,QA3,True,优化与运筹,S0336-D01,"[3, 5]"
S0337-Q01,S0337,1,8,QA3,True,优化与运筹,S0337-D01,"[3, 5, 7]"
S0338-Q01,S0338,1,4,QA3,True,机器学习与人工智能,S0338-D01,[3]
S0339-Q01,S0339,1,2,NO_FOLLOWUP_NEEDED,False,领域待补,,[]
S0339-Q02,S0339,3,4,NO_FOLLOWUP_NEEDED,False,机器学习与人工智能,S0339-D01,[]
S0340-Q01,S0340,1,2,NO_FOLLOWUP_NEEDED,False,领域待补,,[]
S0341-Q01,S0341,1,6,QA3,True,数值计算与科学计算,S0341-D01,"[3, 5]"
S0342-Q01,S0342,1,30,QA3,True,图论与网络 / 机器学习与人工智能,S0342-D01 / S0342-D02,"[3, 5, 7, 9, 11, 13, 15, 17, 19, 21, 23, 25, 27]"
S0343-Q01,S0343,1,16,QA3,True,数值计算与科学计算,S0343-D01,"[3, 5, 7, 9, 11]"
S0344-Q01,S0344,1,6,QA3,True,图论与网络,S0344-D01,"[3, 5]"
S0345-Q01,S0345,1,16,QA3,True,图论与网络,S0345-D01,"[3, 5, 7, 9, 11, 13]"
S0346-Q01,S0346,1,14,QA3,True,优化与运筹,S0346-D01,"[3, 5, 7, 9, 11, 13]"
S0347-Q01,S0347,1,10,QA3,True,概率统计与随机过程,S0347-D01,"[3, 5, 7, 9]"
S0348-Q01,S0348,1,2,NO_FOLLOWUP_NEEDED,False,领域待补,,[]
S0349-Q01,S0349,1,2,NO_FOLLOWUP_NEEDED,False,领域待补,,[]
S0350-Q01,S0350,1,10,QA3,True,图论与网络,S0350-D01,"[3, 5, 7, 9]"
S0351-Q01,S0351,1,12,QA3,True,优化与运筹,S0351-D01,"[3, 5, 7, 9, 11]"
S0352-Q01,S0352,1,4,QA3,True,概率统计与随机过程,S0352-D01,[3]
S0353-Q01,S0353,1,6,QA3,True,优化与运筹,S0353-D01,"[3, 5]"
S0354-Q01,S0354,1,2,NO_FOLLOWUP_NEEDED,False,领域待补,,[]
S0355-Q01,S0355,1,2,STOPPED_NO_REPLY,False,领域待补,,[]
S0356-Q01,S0356,1,8,REVIEW,False,微分方程与动态系统,S0356-D01,[]
S0357-Q01,S0357,1,4,QA3,True,数据处理与可视化,S0357-D01,[3]
S0358-Q01,S0358,1,10,QA3,True,数值计算与科学计算 / 数学建模综合与案例,S0358-D01 / S0358-D02,"[3, 5, 7, 9]"
S0359-Q01,S0359,1,14,QA3,True,数据处理与可视化,S0359-D01,"[3, 5, 7, 9, 11, 13]"
S0360-Q01,S0360,1,12,QA3,True,机器学习与人工智能,S0360-D01,"[3, 5, 7, 9, 11]"
S0361-Q01,S0361,1,6,QA3,True,数值计算与科学计算,S0361-D01,"[3, 5]"
S0362-Q01,S0362,1,8,QA3,True,优化与运筹,S0362-D01,"[3, 5, 7]"
S0363-Q01,S0363,1,2,STOPPED_NO_REPLY,False,领域待补,,[]
S0364-Q01,S0364,1,14,QA3,True,优化与运筹,S0364-D01,"[3, 5, 7, 9, 11, 13]"
S0365-Q01,S0365,1,18,QA3,True,优化与运筹,S0365-D01,"[3, 5, 7, 9, 11, 13, 15, 17]"
S0366-Q01,S0366,1,2,STOPPED_NO_REPLY,False,领域待补,,[]
S0367-Q01,S0367,1,10,QA3,True,数据处理与可视化,S0367-D01,"[3, 5, 7, 9]"
S0368-Q01,S0368,1,8,QA3,True,数值计算与科学计算,S0368-D01,"[3, 5, 7]"
S0369-Q01,S0369,1,8,QA3,True,优化与运筹,S0369-D01,"[3, 5, 7]"
S0370-Q01,S0370,1,4,QA3,True,数据处理与可视化,S0370-D01,[3]
S0371-Q01,S0371,1,4,QA3,True,图论与网络,S0371-D01,[3]
S0372-Q01,S0372,1,8,QA3,True,图论与网络,S0372-D01,"[3, 5, 7]"
S0373-Q01,S0373,1,16,QA3,True,数学建模综合与案例,S0373-D01,"[3, 5, 7, 9, 13]"
S0374-Q01,S0374,1,6,QA3,True,优化与运筹,S0374-D01,"[3, 5]"
S0375-Q01,S0375,1,2,NO_FOLLOWUP_NEEDED,False,领域待补,,[]
S0376-Q01,S0376,1,6,QA3,True,数据处理与可视化,S0376-D01,"[3, 5]"
S0377-Q01,S0377,1,2,NO_FOLLOWUP_NEEDED,False,领域待补,,[]
S0378-Q01,S0378,1,16,QA3,True,优化与运筹,S0378-D01,"[3, 5, 7, 9, 11, 13, 15]"
S0379-Q01,S0379,1,2,NO_FOLLOWUP_NEEDED,False,领域待补,,[]
S0380-Q01,S0380,1,2,NO_FOLLOWUP_NEEDED,False,领域待补,,[]
S0381-Q01,S0381,1,12,QA3,True,优化与运筹,S0381-D01,"[3, 5, 7, 9, 11]"
S0382-Q01,S0382,1,16,QA3,True,优化与运筹,S0382-D01,"[3, 5, 7, 9, 11, 13, 15]"
S0383-Q01,S0383,1,4,QA3,True,机器学习与人工智能,S0383-D01,[3]
S0384-Q01,S0384,1,14,QA3,True,机器学习与人工智能,S0384-D01,"[3, 5, 7, 9, 11, 13]"
S0385-Q01,S0385,1,2,NO_FOLLOWUP_NEEDED,False,领域待补,,[]
S0386-Q01,S0386,1,6,QA3,True,优化与运筹,S0386-D01,"[3, 5]"
S0387-Q01,S0387,1,2,NO_FOLLOWUP_NEEDED,False,领域待补,,[]
S0388-Q01,S0388,1,16,QA3,True,数学建模综合与案例,S0388-D01,"[3, 5, 7, 9, 11, 13, 15]"
S0389-Q01,S0389,1,4,QA3,True,优化与运筹,S0389-D01,[3]
S0390-Q01,S0390,1,4,QA3,True,优化与运筹,S0390-D01,[3]
S0391-Q01,S0391,1,8,QA3,True,优化与运筹,S0391-D01,"[3, 5, 7]"
S0392-Q01,S0392,1,6,QA3,True,概率统计与随机过程,S0392-D01,"[3, 5]"
S0393-Q01,S0393,1,2,NO_FOLLOWUP_NEEDED,False,领域待补,,[]
S0394-Q01,S0394,1,2,NO_FOLLOWUP_NEEDED,False,领域待补,,[]
S0395-Q01,S0395,1,4,NO_FOLLOWUP_NEEDED,False,微分方程与动态系统,S0395-D01,[]
S0396-Q01,S0396,1,2,NO_FOLLOWUP_NEEDED,False,领域待补,,[]
S0397-Q01,S0397,1,14,QA3,True,机器学习与人工智能,S0397-D01,"[3, 5, 7, 9, 11, 13]"
S0398-Q01,S0398,1,2,NO_FOLLOWUP_NEEDED,False,领域待补,,[]
S0399-Q01,S0399,1,14,QA3,True,概率统计与随机过程,S0399-D01,"[3, 5, 7, 9, 11, 13]"
S0400-Q01,S0400,1,6,QA3,True,学习过程与工具使用,S0400-D01,"[3, 5]"
S0401-Q01,S0401,1,10,QA3,True,优化与运筹 / 其他与待判定,S0401-D01 / S0401-D02,"[3, 5, 7, 9]"
S0402-Q01,S0402,1,14,QA3,True,概率统计与随机过程,S0402-D01,"[3, 5, 7, 9, 11, 13]"
S0403-Q01,S0403,1,2,STOPPED_NO_REPLY,False,领域待补,,[]
S0403-Q02,S0403,3,8,QA3,True,图论与网络,S0403-D01,"[5, 7]"
S0404-Q01,S0404,1,2,NO_FOLLOWUP_NEEDED,False,领域待补,,[]
S0405-Q01,S0405,1,14,QA3,True,机器学习与人工智能,S0405-D01,"[3, 5, 7, 9, 11, 13]"
S0406-Q01,S0406,1,2,STOPPED_NO_REPLY,False,领域待补,,[]
S0407-Q01,S0407,1,16,QA3,True,优化与运筹,S0407-D01,"[3, 5, 7, 9, 11, 13, 15]"
S0408-Q01,S0408,1,12,QA3,True,机器学习与人工智能,S0408-D01,"[3, 5, 7, 9, 11]"
S0409-Q01,S0409,1,4,QA3,True,概率统计与随机过程,S0409-D01,[3]
S0410-Q01,S0410,1,2,STOPPED_NO_REPLY,False,领域待补,,[]
S0411-Q01,S0411,1,14,QA3,True,优化与运筹,S0411-D01,"[3, 5, 7, 9, 11, 13]"
S0412-Q01,S0412,1,4,QA3,True,评价与决策,S0412-D01,[3]
S0413-Q01,S0413,1,10,QA3,True,优化与运筹,S0413-D01,"[3, 5, 7, 9]"
S0414-Q01,S0414,1,10,QA3,True,其他与待判定,S0414-D01,"[3, 5, 7, 9]"
S0415-Q01,S0415,1,2,NO_FOLLOWUP_NEEDED,False,领域待补,,[]
S0416-Q01,S0416,1,6,QA3,True,微分方程与动态系统,S0416-D01,"[3, 5]"
S0417-Q01,S0417,1,18,NO_FOLLOWUP_NEEDED,False,领域待补,,[]
S0418-Q01,S0418,1,14,QA3,True,优化与运筹,S0418-D01,"[3, 5, 7, 9, 11, 13]"
S0419-Q01,S0419,1,4,QA3,True,机器学习与人工智能,S0419-D01,[3]
S0420-Q01,S0420,1,6,QA3,True,数学建模综合与案例,S0420-D01,"[3, 5]"
S0421-Q01,S0421,1,12,QA3,True,概率统计与随机过程,S0421-D01,"[3, 5, 7, 9, 11]"
S0422-Q01,S0422,1,2,NO_FOLLOWUP_NEEDED,False,领域待补,,[]
S0422-Q02,S0422,3,4,NO_FOLLOWUP_NEEDED,False,优化与运筹,S0422-D01,[]
S0423-Q01,S0423,1,6,QA3,True,机器学习与人工智能,S0423-D01,"[3, 5]"
S0424-Q01,S0424,1,4,QA3,True,概率统计与随机过程,S0424-D01,[3]
S0425-Q01,S0425,1,4,QA3,True,优化与运筹,S0425-D01,[3]
S0426-Q01,S0426,1,6,QA3,True,优化与运筹,S0426-D01,"[3, 5]"
S0427-Q01,S0427,1,2,STOPPED_NO_REPLY,False,领域待补,,[]
S0428-Q01,S0428,1,2,NO_FOLLOWUP_NEEDED,False,领域待补,,[]
S0429-Q01,S0429,1,10,QA3,True,机器学习与人工智能,S0429-D01,"[3, 5, 7, 9]"
S0430-Q01,S0430,1,6,QA3,True,概率统计与随机过程,S0430-D01,"[3, 5]"
S0431-Q01,S0431,1,16,QA3,True,优化与运筹,S0431-D01,"[3, 5, 7, 9, 11, 13, 15]"
S0432-Q01,S0432,1,6,QA3,True,优化与运筹,S0432-D01,"[3, 5]"
S0433-Q01,S0433,1,2,NO_FOLLOWUP_NEEDED,False,领域待补,,[]
S0434-Q01,S0434,1,2,STOPPED_NO_REPLY,False,领域待补,,[]
S0435-Q01,S0435,1,2,STOPPED_NO_REPLY,False,领域待补,,[]
S0436-Q01,S0436,1,2,NO_FOLLOWUP_NEEDED,False,领域待补,,[]
S0437-Q01,S0437,1,10,QA3,True,机器学习与人工智能,S0437-D01,"[3, 5, 7, 9]"
S0438-Q01,S0438,1,18,QA3,True,机器学习与人工智能,S0438-D01,"[3, 5, 7, 9, 11, 13, 15, 17]"
S0439-Q01,S0439,1,12,QA3,True,概率统计与随机过程,S0439-D03,[11]
S0440-Q01,S0440,1,14,QA3,True,概率统计与随机过程,S0440-D01,"[3, 5, 7, 9, 11, 13]"
S0441-Q01,S0441,1,16,QA3,True,数学基础 / 概率统计与随机过程,S0441-D01 / S0441-D02 / S0441-D03,"[3, 5, 7, 9, 11, 13, 15]"
S0442-Q01,S0442,1,22,QA3,True,概率统计与随机过程,S0442-D01,"[3, 5, 7, 9, 11, 13, 15, 17, 19, 21]"
S0443-Q01,S0443,1,4,POOR_REPLY,False,领域待补,,[]
S0444-Q01,S0444,1,18,QA3,True,优化与运筹,S0444-D01,"[3, 5, 7, 9, 11, 13, 15, 17]"
S0445-Q01,S0445,1,10,NO_FOLLOWUP_NEEDED,False,领域待补,,[]
S0446-Q01,S0446,1,2,STOPPED_NO_REPLY,False,领域待补,,[]
S0447-Q01,S0447,1,12,QA3,True,概率统计与随机过程,S0447-D01,"[3, 5, 7, 9, 11]"
S0448-Q01,S0448,1,2,NO_FOLLOWUP_NEEDED,False,领域待补,,[]
S0449-Q01,S0449,1,4,QA3,True,图论与网络,S0449-D01,[3]
S0450-Q01,S0450,1,2,NO_FOLLOWUP_NEEDED,False,领域待补,,[]
S0450-Q02,S0450,3,4,NO_FOLLOWUP_NEEDED,False,优化与运筹,S0450-D01,[]
S0451-Q01,S0451,1,6,QA3,True,概率统计与随机过程,S0451-D01,"[3, 5]"
S0452-Q01,S0452,1,7,NO_FOLLOWUP_NEEDED,False,领域待补,,[]
S0453-Q01,S0453,1,2,NO_FOLLOWUP_NEEDED,False,领域待补,,[]
S0454-Q01,S0454,1,4,QA3,True,优化与运筹,S0454-D01,[3]
S0455-Q01,S0455,1,16,QA3,True,优化与运筹,S0455-D01,"[3, 5, 7, 9, 11, 13, 15]"
S0456-Q01,S0456,1,2,NO_FOLLOWUP_NEEDED,False,领域待补,,[]
S0457-Q01,S0457,1,14,QA3,True,机器学习与人工智能,S0457-D01,"[3, 5, 7, 9, 11, 13]"
S0458-Q01,S0458,1,20,QA3,True,数值计算与科学计算 / 评价与决策,S0458-D01 / S0458-D02,"[3, 5, 7, 9, 11, 13, 15, 17, 19]"
S0459-Q01,S0459,1,2,STOPPED_NO_REPLY,False,领域待补,,[]
S0460-Q01,S0460,1,8,QA3,True,优化与运筹,S0460-D01,"[3, 5, 7]"
S0461-Q01,S0461,1,2,NO_FOLLOWUP_NEEDED,False,领域待补,,[]
S0462-Q01,S0462,1,8,QA3,True,机器学习与人工智能,S0462-D01,"[3, 5, 7]"
S0463-Q01,S0463,1,6,QA3,True,机器学习与人工智能,S0463-D01,"[3, 5]"
S0464-Q01,S0464,1,20,QA3,True,优化与运筹,S0464-D01,"[3, 5, 7, 9, 11, 13, 15, 17, 19]"
S0465-Q01,S0465,1,2,NO_FOLLOWUP_NEEDED,False,领域待补,,[]
S0465-Q02,S0465,3,4,NO_FOLLOWUP_NEEDED,False,优化与运筹,S0465-D01,[]
S0465-Q03,S0465,5,8,NO_FOLLOWUP_NEEDED,False,优化与运筹,S0465-D01,[]
S0465-Q04,S0465,9,10,NO_FOLLOWUP_NEEDED,False,优化与运筹,S0465-D01,[]
S0466-Q01,S0466,1,8,QA3,True,微分方程与动态系统,S0466-D01,"[3, 5, 7]"
S0467-Q01,S0467,1,8,QA3,True,机器学习与人工智能,S0467-D01,"[3, 5, 7]"
S0468-Q01,S0468,1,2,NO_FOLLOWUP_NEEDED,False,领域待补,,[]
S0469-Q01,S0469,1,2,NO_FOLLOWUP_NEEDED,False,领域待补,,[]
S0470-Q01,S0470,1,12,QA3,True,其他与待判定,S0470-D01,"[3, 5, 7, 9, 11]"
S0471-Q01,S0471,1,4,QA3,True,优化与运筹,S0471-D01,[3]
S0472-Q01,S0472,1,10,QA3,True,概率统计与随机过程,S0472-D01,"[3, 5, 7, 9]"
S0473-Q01,S0473,1,8,QA3,True,图论与网络,S0473-D01,"[3, 5, 7]"
S0474-Q01,S0474,1,6,QA3,True,数据处理与可视化,S0474-D01,"[3, 5]"
S0475-Q01,S0475,1,12,QA3,True,优化与运筹,S0475-D01,"[3, 5, 7, 9, 11]"
S0476-Q01,S0476,1,6,QA3,True,优化与运筹,S0476-D01,"[3, 5]"
S0477-Q01,S0477,1,2,STOPPED_NO_REPLY,False,领域待补,,[]
S0478-Q01,S0478,1,4,QA3,True,领域待补,,[3]
S0479-Q01,S0479,1,2,STOPPED_NO_REPLY,False,领域待补,,[]
S0480-Q01,S0480,1,8,QA3,True,机器学习与人工智能,S0480-D01,"[3, 5, 7]"
S0481-Q01,S0481,1,16,QA3,True,优化与运筹,S0481-D01,"[3, 5, 7, 9, 11, 13, 15]"
S0482-Q01,S0482,1,18,NO_FOLLOWUP_NEEDED,False,领域待补,,[]
S0483-Q01,S0483,1,2,NO_FOLLOWUP_NEEDED,False,领域待补,,[]
S0483-Q02,S0483,3,6,POOR_REPLY,False,机器学习与人工智能,S0483-D01,[]
S0483-Q03,S0483,7,8,NO_FOLLOWUP_NEEDED,False,机器学习与人工智能,S0483-D01,[]
S0483-Q04,S0483,9,10,NO_FOLLOWUP_NEEDED,False,机器学习与人工智能,S0483-D01,[]
S0483-Q05,S0483,11,12,NO_FOLLOWUP_NEEDED,False,机器学习与人工智能,S0483-D01,[]
S0484-Q01,S0484,1,8,QA3,True,图论与网络,S0484-D01,"[3, 5, 7]"
S0485-Q01,S0485,1,10,QA3,True,图论与网络,S0485-D01,"[3, 5, 7, 9]"
S0486-Q01,S0486,1,14,QA3,True,机器学习与人工智能,S0486-D01,"[3, 5, 7, 9, 11, 13]"
S0487-Q01,S0487,1,6,QA3,True,评价与决策,S0487-D01,"[3, 5]"
S0488-Q01,S0488,1,2,STOPPED_NO_REPLY,False,领域待补,,[]
S0489-Q01,S0489,1,12,QA3,True,图论与网络,S0489-D01,"[3, 5, 7, 9, 11]"
S0490-Q01,S0490,1,2,STOPPED_NO_REPLY,False,领域待补,,[]
S0491-Q01,S0491,1,16,QA3,True,概率统计与随机过程,S0491-D01,"[3, 5, 7, 9, 11, 13, 15]"
S0492-Q01,S0492,1,8,QA3,True,机器学习与人工智能,S0492-D01,"[3, 5, 7]"
S0493-Q01,S0493,1,10,NO_FOLLOWUP_NEEDED,False,领域待补,,[]
S0494-Q01,S0494,1,4,QA3,True,机器学习与人工智能,S0494-D01,[3]
S0495-Q01,S0495,1,2,NO_FOLLOWUP_NEEDED,False,领域待补,,[]
S0496-Q01,S0496,1,14,QA3,True,优化与运筹,S0496-D01,"[3, 5, 7, 9, 11, 13]"
S0497-Q01,S0497,1,16,QA3,True,数学建模综合与案例,S0497-D01,"[3, 5, 7, 9, 11, 13, 15]"
S0498-Q01,S0498,1,2,NO_FOLLOWUP_NEEDED,False,领域待补,,[]
S0499-Q01,S0499,1,8,QA3,True,机器学习与人工智能,S0499-D01,"[3, 5, 7]"
S0500-Q01,S0500,1,12,QA3,True,优化与运筹,S0500-D01,"[3, 5, 7, 9, 11]"
S0501-Q01,S0501,1,8,QA3,True,数值计算与科学计算,S0501-D01,"[3, 5, 7]"
S0502-Q01,S0502,1,16,QA3,True,概率统计与随机过程,S0502-D01,"[3, 5, 7, 9, 11, 13, 15]"
S0502-Q02,S0502,17,18,NO_FOLLOWUP_NEEDED,False,学习过程与工具使用,S0502-D02,[]
S0503-Q01,S0503,1,2,STOPPED_NO_REPLY,False,领域待补,,[]
S0504-Q01,S0504,1,2,STOPPED_NO_REPLY,False,领域待补,,[]
S0505-Q01,S0505,1,6,QA3,True,概率统计与随机过程,S0505-D01,"[3, 5]"
S0506-Q01,S0506,1,2,STOPPED_NO_REPLY,False,领域待补,,[]
S0507-Q01,S0507,1,2,STOPPED_NO_REPLY,False,领域待补,,[]
S0508-Q01,S0508,1,14,QA3,True,数学建模综合与案例,S0508-D01,"[3, 5, 7, 9, 11, 13]"
S0509-Q01,S0509,1,10,QA3,True,图论与网络,S0509-D01,"[3, 5, 7, 9]"
S0510-Q01,S0510,1,2,NO_FOLLOWUP_NEEDED,False,领域待补,,[]
S0510-Q02,S0510,3,4,NO_FOLLOWUP_NEEDED,False,优化与运筹,S0510-D01,[]
S0510-Q03,S0510,5,8,QA3,True,优化与运筹,S0510-D01,[7]
S0510-Q04,S0510,9,10,NO_FOLLOWUP_NEEDED,False,数学基础,S0510-D02,[]
S0510-Q05,S0510,11,12,NO_FOLLOWUP_NEEDED,False,优化与运筹,S0510-D03,[]
S0510-Q06,S0510,13,14,NO_FOLLOWUP_NEEDED,False,优化与运筹,S0510-D03,[]
S0510-Q07,S0510,15,16,NO_FOLLOWUP_NEEDED,False,优化与运筹,S0510-D03,[]
S0510-Q08,S0510,17,18,NO_FOLLOWUP_NEEDED,False,优化与运筹,S0510-D03,[]
S0510-Q09,S0510,19,20,NO_FOLLOWUP_NEEDED,False,优化与运筹,S0510-D03,[]
S0511-Q01,S0511,1,4,QA3,True,优化与运筹,S0511-D01,[3]
S0512-Q01,S0512,1,2,NO_FOLLOWUP_NEEDED,False,领域待补,,[]
S0513-Q01,S0513,1,2,NO_FOLLOWUP_NEEDED,False,领域待补,,[]
S0513-Q02,S0513,3,4,REVIEW,False,优化与运筹,S0513-D01,[]
S0514-Q01,S0514,1,6,QA3,True,图论与网络,S0514-D01,"[3, 5]"
S0515-Q01,S0515,1,2,NO_FOLLOWUP_NEEDED,False,领域待补,,[]
S0516-Q01,S0516,1,4,STOPPED_NO_REPLY,False,学习过程与工具使用,S0516-D01,[]
S0517-Q01,S0517,1,4,QA3,True,机器学习与人工智能,S0517-D01,[3]
S0518-Q01,S0518,1,2,NO_FOLLOWUP_NEEDED,False,领域待补,,[]
S0519-Q01,S0519,1,2,NO_FOLLOWUP_NEEDED,False,领域待补,,[]
S0520-Q01,S0520,1,4,POOR_REPLY,False,优化与运筹,S0520-D01,[]
S0521-Q01,S0521,1,4,QA3,True,优化与运筹,S0521-D01,[3]
S0522-Q01,S0522,1,2,NO_FOLLOWUP_NEEDED,False,领域待补,,[]
S0523-Q01,S0523,1,8,QA3,True,机器学习与人工智能,S0523-D01,"[3, 5, 7]"
S0524-Q01,S0524,1,2,NO_FOLLOWUP_NEEDED,False,领域待补,,[]
S0525-Q01,S0525,1,8,QA3,True,数学基础,S0525-D01,"[3, 5, 7]"
S0526-Q01,S0526,1,2,NO_FOLLOWUP_NEEDED,False,领域待补,,[]
S0527-Q01,S0527,1,2,NO_FOLLOWUP_NEEDED,False,领域待补,,[]
S0528-Q01,S0528,1,2,NO_FOLLOWUP_NEEDED,False,领域待补,,[]
S0529-Q01,S0529,1,2,NO_FOLLOWUP_NEEDED,False,领域待补,,[]
S0530-Q01,S0530,1,2,NO_FOLLOWUP_NEEDED,False,领域待补,,[]
S0531-Q01,S0531,1,2,NO_FOLLOWUP_NEEDED,False,领域待补,,[]
S0532-Q01,S0532,1,4,QA3,True,数值计算与科学计算,S0532-D01,[3]
S0533-Q01,S0533,1,2,NO_FOLLOWUP_NEEDED,False,领域待补,,[]
S0534-Q01,S0534,1,2,NO_FOLLOWUP_NEEDED,False,领域待补,,[]
S0535-Q01,S0535,1,2,NO_FOLLOWUP_NEEDED,False,领域待补,,[]
S0535-Q02,S0535,3,8,QA3,True,数值计算与科学计算,S0535-D01,"[5, 7]"
S0536-Q01,S0536,1,2,NO_FOLLOWUP_NEEDED,False,领域待补,,[]
S0537-Q01,S0537,1,2,NO_FOLLOWUP_NEEDED,False,领域待补,,[]
S0538-Q01,S0538,1,2,NO_FOLLOWUP_NEEDED,False,领域待补,,[]
S0539-Q01,S0539,1,2,NO_FOLLOWUP_NEEDED,False,领域待补,,[]
S0540-Q01,S0540,1,6,QA3,True,机器学习与人工智能,S0540-D01,"[3, 5]"
S0541-Q01,S0541,1,2,NO_FOLLOWUP_NEEDED,False,领域待补,,[]
S0542-Q01,S0542,1,8,QA3,True,数学基础,S0542-D01,"[3, 5, 7]"
S0542-Q02,S0542,9,14,QA3,True,机器学习与人工智能,S0542-D02,"[11, 13]"
S0543-Q01,S0543,1,2,NO_FOLLOWUP_NEEDED,False,领域待补,,[]
S0544-Q01,S0544,1,2,NO_FOLLOWUP_NEEDED,False,领域待补,,[]
S0545-Q01,S0545,1,30,QA3,True,优化与运筹,S0545-D01,"[3, 5, 7, 9, 11, 13, 15, 17, 19, 21, 23, 25, 27, 29]"
S0546-Q01,S0546,1,2,NO_FOLLOWUP_NEEDED,False,领域待补,,[]
S0547-Q01,S0547,1,2,NO_FOLLOWUP_NEEDED,False,领域待补,,[]
S0548-Q01,S0548,1,2,NO_FOLLOWUP_NEEDED,False,领域待补,,[]
S0548-Q02,S0548,3,4,NO_FOLLOWUP_NEEDED,False,图论与网络,S0548-D01,[]
S0549-Q01,S0549,1,12,QA3,True,机器学习与人工智能,S0549-D01,"[3, 5, 7, 9, 11]"
S0550-Q01,S0550,1,2,NO_FOLLOWUP_NEEDED,False,领域待补,,[]
S0551-Q01,S0551,1,6,QA3,True,优化与运筹,S0551-D01,"[3, 5]"
S0552-Q01,S0552,1,2,STOPPED_NO_REPLY,False,领域待补,,[]
S0553-Q01,S0553,1,2,NO_FOLLOWUP_NEEDED,False,领域待补,,[]
S0553-Q02,S0553,3,4,NO_FOLLOWUP_NEEDED,False,数学建模综合与案例,S0553-D01,[]
S0553-Q03,S0553,5,8,QA3,True,数学建模综合与案例,S0553-D01,[7]
S0554-Q01,S0554,1,10,QA3,True,图论与网络,S0554-D01,"[3, 5, 7, 9]"
S0555-Q01,S0555,1,2,NO_FOLLOWUP_NEEDED,False,领域待补,,[]
S0556-Q01,S0556,1,2,REVIEW,False,领域待补,,[]
S0557-Q01,S0557,1,4,QA3,True,优化与运筹,S0557-D01,[3]
S0558-Q01,S0558,1,2,NO_FOLLOWUP_NEEDED,False,领域待补,,[]
S0559-Q01,S0559,1,2,NO_FOLLOWUP_NEEDED,False,领域待补,,[]
S0560-Q01,S0560,1,3,QA3,True,优化与运筹,S0560-D01,[3]
S0561-Q01,S0561,1,2,NO_FOLLOWUP_NEEDED,False,领域待补,,[]
S0562-Q01,S0562,1,4,QA3,True,优化与运筹,S0562-D01,[3]
S0563-Q01,S0563,1,2,NO_FOLLOWUP_NEEDED,False,领域待补,,[]
S0564-Q01,S0564,1,4,QA3,True,优化与运筹,S0564-D01,[3]
S0565-Q01,S0565,1,2,NO_FOLLOWUP_NEEDED,False,领域待补,,[]
S0566-Q01,S0566,1,2,NO_FOLLOWUP_NEEDED,False,领域待补,,[]
S0567-Q01,S0567,1,6,QA3,True,优化与运筹,S0567-D01,"[3, 5]"
S0568-Q01,S0568,1,2,NO_FOLLOWUP_NEEDED,False,领域待补,,[]
S0568-Q02,S0568,3,4,NO_FOLLOWUP_NEEDED,False,优化与运筹,S0568-D01,[]
S0569-Q01,S0569,1,4,QA3,True,优化与运筹,S0569-D01,[3]
S0570-Q01,S0570,1,2,NO_FOLLOWUP_NEEDED,False,领域待补,,[]
S0570-Q02,S0570,3,4,NO_FOLLOWUP_NEEDED,False,微分方程与动态系统,S0570-D01,[]
S0571-Q01,S0571,1,4,QA3,True,微分方程与动态系统,S0571-D01,[3]
S0572-Q01,S0572,1,6,QA3,True,图论与网络,S0572-D01,"[3, 5]"
S0573-Q01,S0573,1,2,NO_FOLLOWUP_NEEDED,False,领域待补,,[]
S0574-Q01,S0574,1,2,NO_FOLLOWUP_NEEDED,False,领域待补,,[]
S0575-Q01,S0575,1,12,QA3,True,图论与网络,S0575-D01,"[3, 5, 7, 9]"
S0576-Q01,S0576,1,2,NO_FOLLOWUP_NEEDED,False,领域待补,,[]
S0577-Q01,S0577,1,2,NO_FOLLOWUP_NEEDED,False,领域待补,,[]
S0578-Q01,S0578,1,2,NO_FOLLOWUP_NEEDED,False,领域待补,,[]
S0579-Q01,S0579,1,2,NO_FOLLOWUP_NEEDED,False,领域待补,,[]
S0580-Q01,S0580,1,2,NO_FOLLOWUP_NEEDED,False,领域待补,,[]
S0581-Q01,S0581,1,2,NO_FOLLOWUP_NEEDED,False,领域待补,,[]
S0582-Q01,S0582,1,2,NO_FOLLOWUP_NEEDED,False,领域待补,,[]
S0583-Q01,S0583,1,2,NO_FOLLOWUP_NEEDED,False,领域待补,,[]
S0584-Q01,S0584,1,2,NO_FOLLOWUP_NEEDED,False,领域待补,,[]
S0585-Q01,S0585,1,10,QA3,True,机器学习与人工智能,S0585-D01,"[3, 5, 7, 9]"
S0586-Q01,S0586,1,2,NO_FOLLOWUP_NEEDED,False,领域待补,,[]
S0587-Q01,S0587,1,2,NO_FOLLOWUP_NEEDED,False,领域待补,,[]
S0588-Q01,S0588,1,2,NO_FOLLOWUP_NEEDED,False,领域待补,,[]
S0589-Q01,S0589,1,6,QA3,True,优化与运筹,S0589-D01,"[3, 5]"
S0590-Q01,S0590,1,16,QA3,True,机器学习与人工智能,S0590-D01,"[3, 5, 7, 9, 11, 13, 15]"
S0591-Q01,S0591,1,2,NO_FOLLOWUP_NEEDED,False,领域待补,,[]
S0592-Q01,S0592,1,6,QA3,True,优化与运筹,S0592-D01,"[3, 5]"
S0593-Q01,S0593,1,2,NO_FOLLOWUP_NEEDED,False,领域待补,,[]
S0594-Q01,S0594,1,10,NO_FOLLOWUP_NEEDED,False,领域待补,,[]
S0595-Q01,S0595,1,2,NO_FOLLOWUP_NEEDED,False,领域待补,,[]
S0596-Q01,S0596,1,2,NO_FOLLOWUP_NEEDED,False,领域待补,,[]
S0597-Q01,S0597,1,2,NO_FOLLOWUP_NEEDED,False,领域待补,,[]
S0598-Q01,S0598,1,23,QA3,True,机器学习与人工智能 / 概率统计与随机过程,S0598-D01 / S0598-D02,"[8, 10, 12, 14, 16, 18, 20, 22]"
S0599-Q01,S0599,1,2,NO_FOLLOWUP_NEEDED,False,领域待补,,[]
S0600-Q01,S0600,1,2,NO_FOLLOWUP_NEEDED,False,领域待补,,[]
S0601-Q01,S0601,1,2,NO_FOLLOWUP_NEEDED,False,领域待补,,[]
S0602-Q01,S0602,1,2,NO_FOLLOWUP_NEEDED,False,领域待补,,[]
S0603-Q01,S0603,1,2,NO_FOLLOWUP_NEEDED,False,领域待补,,[]
S0604-Q01,S0604,1,2,NO_FOLLOWUP_NEEDED,False,领域待补,,[]
S0605-Q01,S0605,1,2,NO_FOLLOWUP_NEEDED,False,领域待补,,[]
S0606-Q01,S0606,1,4,QA3,True,机器学习与人工智能,S0606-D01,[3]
S0607-Q01,S0607,1,4,QA3,True,机器学习与人工智能,S0607-D01,[3]
S0608-Q01,S0608,1,2,NO_FOLLOWUP_NEEDED,False,领域待补,,[]
S0609-Q01,S0609,1,6,QA3,True,优化与运筹,S0609-D01,"[3, 5]"
S0610-Q01,S0610,1,2,NO_FOLLOWUP_NEEDED,False,领域待补,,[]
S0611-Q01,S0611,1,2,NO_FOLLOWUP_NEEDED,False,领域待补,,[]
S0612-Q01,S0612,1,2,NO_FOLLOWUP_NEEDED,False,领域待补,,[]
S0613-Q01,S0613,1,2,NO_FOLLOWUP_NEEDED,False,领域待补,,[]
S0614-Q01,S0614,1,6,QA3,True,数据处理与可视化,S0614-D01,"[3, 5]"
S0615-Q01,S0615,1,2,NO_FOLLOWUP_NEEDED,False,领域待补,,[]
S0616-Q01,S0616,1,2,NO_FOLLOWUP_NEEDED,False,领域待补,,[]
S0617-Q01,S0617,1,12,QA3,True,微分方程与动态系统,S0617-D01,"[3, 5, 7, 9, 11]"
S0618-Q01,S0618,1,2,NO_FOLLOWUP_NEEDED,False,领域待补,,[]
S0619-Q01,S0619,1,2,NO_FOLLOWUP_NEEDED,False,领域待补,,[]
S0620-Q01,S0620,1,2,NO_FOLLOWUP_NEEDED,False,领域待补,,[]
S0621-Q01,S0621,1,2,NO_FOLLOWUP_NEEDED,False,领域待补,,[]
S0622-Q01,S0622,1,2,NO_FOLLOWUP_NEEDED,False,领域待补,,[]
S0623-Q01,S0623,1,4,QA3,True,概率统计与随机过程,S0623-D01,[3]
S0624-Q01,S0624,1,4,QA3,True,概率统计与随机过程,S0624-D01,[3]
S0625-Q01,S0625,1,2,NO_FOLLOWUP_NEEDED,False,领域待补,,[]
S0626-Q01,S0626,1,2,NO_FOLLOWUP_NEEDED,False,领域待补,,[]
S0627-Q01,S0627,1,2,NO_FOLLOWUP_NEEDED,False,领域待补,,[]
S0628-Q01,S0628,1,2,NO_FOLLOWUP_NEEDED,False,领域待补,,[]
S0629-Q01,S0629,1,2,NO_FOLLOWUP_NEEDED,False,领域待补,,[]
S0630-Q01,S0630,1,4,QA3,True,概率统计与随机过程,S0630-D01,[3]
S0631-Q01,S0631,1,4,QA3,True,微分方程与动态系统,S0631-D01,[3]
S0632-Q01,S0632,1,4,QA3,True,数值计算与科学计算,S0632-D01,[3]
S0633-Q01,S0633,1,15,QA3,True,概率统计与随机过程,S0633-D01,"[3, 5, 7, 9, 10, 12, 14]"
S0634-Q01,S0634,1,6,QA3,True,数值计算与科学计算,S0634-D01,"[3, 5]"
S0635-Q01,S0635,1,2,NO_FOLLOWUP_NEEDED,False,领域待补,,[]
S0636-Q01,S0636,1,2,NO_FOLLOWUP_NEEDED,False,领域待补,,[]
S0637-Q01,S0637,1,4,QA3,True,概率统计与随机过程,S0637-D01,[3]
S0638-Q01,S0638,1,2,NO_FOLLOWUP_NEEDED,False,领域待补,,[]
S0639-Q01,S0639,1,6,QA3,True,机器学习与人工智能,S0639-D01,"[3, 5]"
S0640-Q01,S0640,1,4,QA3,True,机器学习与人工智能,S0640-D01,[3]
S0641-Q01,S0641,1,2,NO_FOLLOWUP_NEEDED,False,领域待补,,[]
S0642-Q01,S0642,1,8,QA3,True,机器学习与人工智能,S0642-D01,"[3, 5, 7]"
S0643-Q01,S0643,1,4,QA3,True,优化与运筹,S0643-D01,[3]
S0644-Q01,S0644,1,2,NO_FOLLOWUP_NEEDED,False,领域待补,,[]
S0645-Q01,S0645,1,2,NO_FOLLOWUP_NEEDED,False,领域待补,,[]
S0646-Q01,S0646,1,4,QA3,True,优化与运筹,S0646-D01,[3]
S0647-Q01,S0647,1,2,NO_FOLLOWUP_NEEDED,False,领域待补,,[]
S0648-Q01,S0648,1,6,QA3,True,优化与运筹,S0648-D01,"[3, 5]"
S0649-Q01,S0649,1,6,QA3,True,优化与运筹,S0649-D01,"[3, 5]"
S0650-Q01,S0650,1,6,QA3,True,优化与运筹,S0650-D01,"[3, 5]"
S0651-Q01,S0651,1,2,NO_FOLLOWUP_NEEDED,False,领域待补,,[]
S0652-Q01,S0652,1,2,NO_FOLLOWUP_NEEDED,False,领域待补,,[]
S0653-Q01,S0653,1,10,QA3,True,优化与运筹 / 评价与决策,S0653-D01 / S0653-D02 / S0653-D03,"[3, 5, 7, 9]"
S0654-Q01,S0654,1,8,QA3,True,优化与运筹,S0654-D01,"[3, 5, 7]"
S0655-Q01,S0655,1,2,NO_FOLLOWUP_NEEDED,False,领域待补,,[]
S0656-Q01,S0656,1,2,NO_FOLLOWUP_NEEDED,False,领域待补,,[]
S0657-Q01,S0657,1,2,NO_FOLLOWUP_NEEDED,False,领域待补,,[]
S0658-Q01,S0658,1,2,NO_FOLLOWUP_NEEDED,False,领域待补,,[]
S0659-Q01,S0659,1,2,NO_FOLLOWUP_NEEDED,False,领域待补,,[]
S0660-Q01,S0660,1,4,QA3,True,概率统计与随机过程,S0660-D01,[3]
S0661-Q01,S0661,1,2,NO_FOLLOWUP_NEEDED,False,领域待补,,[]
S0662-Q01,S0662,1,10,QA3,True,概率统计与随机过程,S0662-D01,"[3, 5, 7, 9]"
S0663-Q01,S0663,1,2,NO_FOLLOWUP_NEEDED,False,领域待补,,[]
S0664-Q01,S0664,1,2,NO_FOLLOWUP_NEEDED,False,领域待补,,[]
S0664-Q02,S0664,3,4,NO_FOLLOWUP_NEEDED,False,其他与待判定,S0664-D01,[]
S0664-Q03,S0664,5,6,NO_FOLLOWUP_NEEDED,False,优化与运筹,S0664-D02,[]
S0665-Q01,S0665,1,6,QA3,True,优化与运筹,S0665-D01,"[3, 5]"
S0666-Q01,S0666,1,10,QA3,True,机器学习与人工智能,S0666-D01,"[3, 5, 7, 9]"
S0666-Q02,S0666,11,12,NO_FOLLOWUP_NEEDED,False,机器学习与人工智能,S0666-D01,[]
S0667-Q01,S0667,1,6,QA3,True,优化与运筹,S0667-D01,"[3, 5]"
S0668-Q01,S0668,1,2,NO_FOLLOWUP_NEEDED,False,领域待补,,[]
S0669-Q01,S0669,1,6,QA3,True,图论与网络,S0669-D01,"[3, 5]"
S0670-Q01,S0670,1,2,NO_FOLLOWUP_NEEDED,False,领域待补,,[]
S0671-Q01,S0671,1,2,NO_FOLLOWUP_NEEDED,False,领域待补,,[]
S0672-Q01,S0672,1,4,QA3,True,优化与运筹,S0672-D01,[3]
S0673-Q01,S0673,1,2,NO_FOLLOWUP_NEEDED,False,领域待补,,[]
S0674-Q01,S0674,1,2,NO_FOLLOWUP_NEEDED,False,领域待补,,[]
S0675-Q01,S0675,1,2,NO_FOLLOWUP_NEEDED,False,领域待补,,[]
S0676-Q01,S0676,1,2,NO_FOLLOWUP_NEEDED,False,领域待补,,[]
S0677-Q01,S0677,1,4,QA3,True,优化与运筹,S0677-D01,[3]
S0678-Q01,S0678,1,6,QA3,True,优化与运筹,S0678-D01,"[3, 5]"
S0679-Q01,S0679,1,6,QA3,True,优化与运筹,S0679-D01,"[3, 5]"
S0680-Q01,S0680,1,2,NO_FOLLOWUP_NEEDED,False,领域待补,,[]
S0680-Q02,S0680,3,4,NO_FOLLOWUP_NEEDED,False,机器学习与人工智能,S0680-D01,[]
S0681-Q01,S0681,1,2,NO_FOLLOWUP_NEEDED,False,领域待补,,[]
S0682-Q01,S0682,1,4,QA3,True,机器学习与人工智能,S0682-D01,[3]
S0683-Q01,S0683,1,2,NO_FOLLOWUP_NEEDED,False,领域待补,,[]
S0683-Q02,S0683,3,4,NO_FOLLOWUP_NEEDED,False,机器学习与人工智能,S0683-D01,[]
S0684-Q01,S0684,1,2,NO_FOLLOWUP_NEEDED,False,领域待补,,[]
S0685-Q01,S0685,1,10,QA3,True,微分方程与动态系统,S0685-D01,"[3, 5, 7, 9]"
S0686-Q01,S0686,1,2,NO_FOLLOWUP_NEEDED,False,领域待补,,[]
S0687-Q01,S0687,1,6,QA3,True,数学基础 / 数学建模综合与案例,S0687-D01 / S0687-D02,"[3, 5]"
S0688-Q01,S0688,1,22,QA3,True,优化与运筹 / 图论与网络 / 数学建模综合与案例,S0688-D01 / S0688-D02 / S0688-D03,"[3, 5, 7, 9, 11, 13, 15, 17, 19, 21]"
S0689-Q01,S0689,1,4,QA3,True,数学基础,S0689-D01,[3]
S0690-Q01,S0690,1,2,NO_FOLLOWUP_NEEDED,False,领域待补,,[]
S0691-Q01,S0691,1,4,QA3,True,数值计算与科学计算,S0691-D01,[3]
S0692-Q01,S0692,1,2,NO_FOLLOWUP_NEEDED,False,领域待补,,[]
S0693-Q01,S0693,1,2,NO_FOLLOWUP_NEEDED,False,领域待补,,[]
S0694-Q01,S0694,1,2,NO_FOLLOWUP_NEEDED,False,领域待补,,[]
S0695-Q01,S0695,1,2,NO_FOLLOWUP_NEEDED,False,领域待补,,[]
S0695-Q02,S0695,3,4,NO_FOLLOWUP_NEEDED,False,微分方程与动态系统,S0695-D01,[]
S0696-Q01,S0696,1,4,QA3,True,优化与运筹,S0696-D01,[3]
S0697-Q01,S0697,1,2,NO_FOLLOWUP_NEEDED,False,领域待补,,[]
S0698-Q01,S0698,1,2,NO_FOLLOWUP_NEEDED,False,领域待补,,[]
S0699-Q01,S0699,1,2,NO_FOLLOWUP_NEEDED,False,领域待补,,[]
S0700-Q01,S0700,1,2,REVIEW,False,领域待补,,[]
S0701-Q01,S0701,1,2,NO_FOLLOWUP_NEEDED,False,领域待补,,[]
S0702-Q01,S0702,1,2,NO_FOLLOWUP_NEEDED,False,领域待补,,[]
S0703-Q01,S0703,1,2,NO_FOLLOWUP_NEEDED,False,领域待补,,[]
S0704-Q01,S0704,1,2,NO_FOLLOWUP_NEEDED,False,领域待补,,[]
S0705-Q01,S0705,1,4,POOR_REPLY,False,机器学习与人工智能,S0705-D01,[]
S0706-Q01,S0706,1,2,NO_FOLLOWUP_NEEDED,False,领域待补,,[]
S0707-Q01,S0707,1,2,NO_FOLLOWUP_NEEDED,False,领域待补,,[]
S0708-Q01,S0708,1,12,QA3,True,微分方程与动态系统 / 机器学习与人工智能,S0708-D01 / S0708-D02,"[3, 5, 7, 9, 11]"
S0709-Q01,S0709,1,2,NO_FOLLOWUP_NEEDED,False,领域待补,,[]
S0710-Q01,S0710,1,2,NO_FOLLOWUP_NEEDED,False,领域待补,,[]
S0711-Q01,S0711,1,2,NO_FOLLOWUP_NEEDED,False,领域待补,,[]
S0712-Q01,S0712,1,2,NO_FOLLOWUP_NEEDED,False,领域待补,,[]
S0713-Q01,S0713,1,2,NO_FOLLOWUP_NEEDED,False,领域待补,,[]
S0714-Q01,S0714,1,2,NO_FOLLOWUP_NEEDED,False,领域待补,,[]
S0715-Q01,S0715,1,2,NO_FOLLOWUP_NEEDED,False,领域待补,,[]
S0716-Q01,S0716,1,4,QA3,True,优化与运筹,S0716-D01,[3]
S0717-Q01,S0717,1,4,QA3,True,优化与运筹,S0717-D01,[3]
S0718-Q01,S0718,1,2,NO_FOLLOWUP_NEEDED,False,领域待补,,[]
S0719-Q01,S0719,1,2,NO_FOLLOWUP_NEEDED,False,领域待补,,[]
S0720-Q01,S0720,1,2,NO_FOLLOWUP_NEEDED,False,领域待补,,[]
S0721-Q01,S0721,1,2,NO_FOLLOWUP_NEEDED,False,领域待补,,[]
S0723-Q01,S0723,1,2,NO_FOLLOWUP_NEEDED,False,领域待补,,[]
S0724-Q01,S0724,1,2,NO_FOLLOWUP_NEEDED,False,领域待补,,[]
S0725-Q01,S0725,1,2,NO_FOLLOWUP_NEEDED,False,领域待补,,[]
S0726-Q01,S0726,1,2,NO_FOLLOWUP_NEEDED,False,领域待补,,[]
S0726-Q02,S0726,3,10,QA3,True,图论与网络,S0726-D01,"[5, 7, 9]"
S0727-Q01,S0727,1,4,QA3,True,优化与运筹,S0727-D01,[3]
S0728-Q01,S0728,1,2,NO_FOLLOWUP_NEEDED,False,领域待补,,[]
S0729-Q01,S0729,1,4,REVIEW,False,机器学习与人工智能,S0729-D01,[]
S0730-Q01,S0730,1,2,NO_FOLLOWUP_NEEDED,False,领域待补,,[]
S0731-Q01,S0731,1,2,NO_FOLLOWUP_NEEDED,False,领域待补,,[]
S0732-Q01,S0732,1,2,NO_FOLLOWUP_NEEDED,False,领域待补,,[]
S0733-Q01,S0733,1,4,POOR_REPLY,False,领域待补,,[]
S0734-Q01,S0734,1,2,NO_FOLLOWUP_NEEDED,False,领域待补,,[]
S0735-Q01,S0735,1,2,NO_FOLLOWUP_NEEDED,False,领域待补,,[]
S0736-Q01,S0736,1,2,NO_FOLLOWUP_NEEDED,False,领域待补,,[]
S0737-Q01,S0737,1,2,NO_FOLLOWUP_NEEDED,False,领域待补,,[]
S0738-Q01,S0738,1,2,NO_FOLLOWUP_NEEDED,False,领域待补,,[]
S0739-Q01,S0739,1,2,NO_FOLLOWUP_NEEDED,False,领域待补,,[]
S0739-Q02,S0739,3,4,NO_FOLLOWUP_NEEDED,False,其他与待判定,S0739-D01,[]
S0739-Q03,S0739,5,8,QA3,True,其他与待判定,S0739-D01,[7]
S0740-Q01,S0740,1,2,NO_FOLLOWUP_NEEDED,False,领域待补,,[]
S0741-Q01,S0741,1,4,QA3,True,机器学习与人工智能,S0741-D01,[3]
S0742-Q01,S0742,1,2,NO_FOLLOWUP_NEEDED,False,领域待补,,[]
S0743-Q01,S0743,1,2,NO_FOLLOWUP_NEEDED,False,领域待补,,[]
S0743-Q02,S0743,3,4,NO_FOLLOWUP_NEEDED,False,数学建模综合与案例,S0743-D01,[]
S0744-Q01,S0744,1,4,QA3,True,优化与运筹,S0744-D01,[3]
S0745-Q01,S0745,1,2,NO_FOLLOWUP_NEEDED,False,领域待补,,[]
S0746-Q01,S0746,1,2,NO_FOLLOWUP_NEEDED,False,领域待补,,[]
S0747-Q01,S0747,1,2,NO_FOLLOWUP_NEEDED,False,领域待补,,[]
S0748-Q01,S0748,1,2,NO_FOLLOWUP_NEEDED,False,领域待补,,[]
S0749-Q01,S0749,1,2,NO_FOLLOWUP_NEEDED,False,领域待补,,[]
S0749-Q02,S0749,3,4,NO_FOLLOWUP_NEEDED,False,数学建模综合与案例,S0749-D01,[]
S0750-Q01,S0750,1,2,NO_FOLLOWUP_NEEDED,False,领域待补,,[]
S0751-Q01,S0751,1,6,QA3,True,优化与运筹,S0751-D01,"[3, 5]"
S0752-Q01,S0752,1,4,QA3,True,优化与运筹,S0752-D01,[3]
S0753-Q01,S0753,1,2,NO_FOLLOWUP_NEEDED,False,领域待补,,[]
S0754-Q01,S0754,1,4,QA3,True,图论与网络,S0754-D01,[3]
S0755-Q01,S0755,1,4,QA3,True,微分方程与动态系统,S0755-D01,[3]
S0756-Q01,S0756,1,4,QA3,True,优化与运筹,S0756-D01,[3]
S0757-Q01,S0757,1,2,NO_FOLLOWUP_NEEDED,False,领域待补,,[]
S0758-Q01,S0758,1,4,QA3,True,优化与运筹,S0758-D01,[3]
S0759-Q01,S0759,1,4,QA3,True,优化与运筹,S0759-D01,[3]
S0760-Q01,S0760,1,6,QA3,True,图论与网络,S0760-D01,"[3, 5]"
S0761-Q01,S0761,1,2,NO_FOLLOWUP_NEEDED,False,领域待补,,[]
S0762-Q01,S0762,1,2,NO_FOLLOWUP_NEEDED,False,领域待补,,[]
S0763-Q01,S0763,1,4,QA3,True,优化与运筹,S0763-D01,[3]
S0764-Q01,S0764,1,4,QA3,True,其他与待判定,S0764-D01,[3]
S0765-Q01,S0765,1,2,NO_FOLLOWUP_NEEDED,False,领域待补,,[]
S0766-Q01,S0766,1,2,NO_FOLLOWUP_NEEDED,False,领域待补,,[]
S0767-Q01,S0767,1,6,QA3,True,数学建模综合与案例,S0767-D01,[3]
S0767-Q02,S0767,7,8,NO_FOLLOWUP_NEEDED,False,其他与待判定,S0767-D02,[]
S0768-Q01,S0768,1,2,NO_FOLLOWUP_NEEDED,False,领域待补,,[]
S0769-Q01,S0769,1,2,NO_FOLLOWUP_NEEDED,False,领域待补,,[]
S0770-Q01,S0770,1,2,NO_FOLLOWUP_NEEDED,False,领域待补,,[]
S0771-Q01,S0771,1,2,NO_FOLLOWUP_NEEDED,False,领域待补,,[]
S0772-Q01,S0772,1,2,NO_FOLLOWUP_NEEDED,False,领域待补,,[]
S0773-Q01,S0773,1,2,NO_FOLLOWUP_NEEDED,False,领域待补,,[]
S0774-Q01,S0774,1,2,NO_FOLLOWUP_NEEDED,False,领域待补,,[]
S0775-Q01,S0775,1,2,NO_FOLLOWUP_NEEDED,False,领域待补,,[]
S0776-Q01,S0776,1,2,NO_FOLLOWUP_NEEDED,False,领域待补,,[]
S0776-Q02,S0776,3,4,NO_FOLLOWUP_NEEDED,False,数值计算与科学计算,S0776-D01,[]
S0777-Q01,S0777,1,2,NO_FOLLOWUP_NEEDED,False,领域待补,,[]
S0778-Q01,S0778,1,2,NO_FOLLOWUP_NEEDED,False,领域待补,,[]
S0779-Q01,S0779,1,2,NO_FOLLOWUP_NEEDED,False,领域待补,,[]
S0780-Q01,S0780,1,2,NO_FOLLOWUP_NEEDED,False,领域待补,,[]
S0781-Q01,S0781,1,2,NO_FOLLOWUP_NEEDED,False,领域待补,,[]
S0782-Q01,S0782,1,2,NO_FOLLOWUP_NEEDED,False,领域待补,,[]
S0783-Q01,S0783,1,6,QA3,True,微分方程与动态系统,S0783-D01,"[3, 5]"
S0784-Q01,S0784,1,2,NO_FOLLOWUP_NEEDED,False,领域待补,,[]
S0785-Q01,S0785,1,2,NO_FOLLOWUP_NEEDED,False,领域待补,,[]
S0786-Q01,S0786,1,2,NO_FOLLOWUP_NEEDED,False,领域待补,,[]
S0787-Q01,S0787,1,2,NO_FOLLOWUP_NEEDED,False,领域待补,,[]
S0788-Q01,S0788,1,2,NO_FOLLOWUP_NEEDED,False,领域待补,,[]
S0789-Q01,S0789,1,6,QA3,True,机器学习与人工智能,S0789-D01,"[3, 5]"
S0790-Q01,S0790,1,2,NO_FOLLOWUP_NEEDED,False,领域待补,,[]
S0791-Q01,S0791,1,2,NO_FOLLOWUP_NEEDED,False,领域待补,,[]
S0792-Q01,S0792,1,2,NO_FOLLOWUP_NEEDED,False,领域待补,,[]
S0793-Q01,S0793,1,2,NO_FOLLOWUP_NEEDED,False,领域待补,,[]
S0794-Q01,S0794,1,2,NO_FOLLOWUP_NEEDED,False,领域待补,,[]
S0795-Q01,S0795,1,2,NO_FOLLOWUP_NEEDED,False,领域待补,,[]
S0796-Q01,S0796,1,2,NO_FOLLOWUP_NEEDED,False,领域待补,,[]
S0797-Q01,S0797,1,2,NO_FOLLOWUP_NEEDED,False,领域待补,,[]
S0798-Q01,S0798,1,4,QA3,True,学习过程与工具使用,S0798-D01,[3]
S0799-Q01,S0799,1,2,NO_FOLLOWUP_NEEDED,False,领域待补,,[]
S0800-Q01,S0800,1,2,NO_FOLLOWUP_NEEDED,False,领域待补,,[]
S0801-Q01,S0801,1,2,NO_FOLLOWUP_NEEDED,False,领域待补,,[]
S0802-Q01,S0802,1,2,NO_FOLLOWUP_NEEDED,False,领域待补,,[]
S0803-Q01,S0803,1,2,NO_FOLLOWUP_NEEDED,False,领域待补,,[]
S0804-Q01,S0804,1,2,NO_FOLLOWUP_NEEDED,False,领域待补,,[]
S0805-Q01,S0805,1,2,NO_FOLLOWUP_NEEDED,False,领域待补,,[]
S0805-Q02,S0805,3,4,NO_FOLLOWUP_NEEDED,False,优化与运筹,S0805-D01,[]
S0806-Q01,S0806,1,4,QA3,True,微分方程与动态系统,S0806-D01,[3]
S0807-Q01,S0807,1,2,NO_FOLLOWUP_NEEDED,False,领域待补,,[]
S0808-Q01,S0808,1,2,NO_FOLLOWUP_NEEDED,False,领域待补,,[]
S0809-Q01,S0809,1,4,QA3,True,机器学习与人工智能,S0809-D01,[3]
S0810-Q01,S0810,1,2,NO_FOLLOWUP_NEEDED,False,领域待补,,[]
S0811-Q01,S0811,1,2,NO_FOLLOWUP_NEEDED,False,领域待补,,[]
S0812-Q01,S0812,1,2,NO_FOLLOWUP_NEEDED,False,领域待补,,[]
S0813-Q01,S0813,1,2,NO_FOLLOWUP_NEEDED,False,领域待补,,[]
S0814-Q01,S0814,1,6,QA3,True,机器学习与人工智能,S0814-D01,"[3, 5]"
S0815-Q01,S0815,1,14,QA3,True,机器学习与人工智能,S0815-D01,"[5, 7, 10, 13]"
S0816-Q01,S0816,1,2,NO_FOLLOWUP_NEEDED,False,领域待补,,[]
S0817-Q01,S0817,1,2,NO_FOLLOWUP_NEEDED,False,领域待补,,[]
S0818-Q01,S0818,1,8,QA3,True,数学基础,S0818-D01,"[3, 5, 7]"
S0819-Q01,S0819,1,8,QA3,True,数学建模综合与案例,S0819-D01,"[3, 5, 7]"
S0820-Q01,S0820,1,2,NO_FOLLOWUP_NEEDED,False,领域待补,,[]
S0821-Q01,S0821,1,2,STOPPED_NO_REPLY,False,领域待补,,[]
S0822-Q01,S0822,1,2,NO_FOLLOWUP_NEEDED,False,领域待补,,[]
S0823-Q01,S0823,1,2,STOPPED_NO_REPLY,False,领域待补,,[]
S0824-Q01,S0824,1,4,QA3,True,数据处理与可视化,S0824-D01,[3]
S0825-Q01,S0825,1,4,QA3,True,数学建模综合与案例,S0825-D01,[3]
S0827-Q01,S0827,1,6,QA3,True,优化与运筹,S0827-D01,"[3, 5]"
S0828-Q01,S0828,1,8,QA3,True,优化与运筹,S0828-D01,"[3, 5, 7]"
S0829-Q01,S0829,1,4,QA3,True,数学建模综合与案例,S0829-D01,[3]
S0830-Q01,S0830,1,4,QA3,True,数学建模综合与案例,S0830-D01,[3]
S0830-Q02,S0830,5,8,QA3,True,学习过程与工具使用,S0830-D02,[7]
S0831-Q01,S0831,1,12,QA3,True,图论与网络,S0831-D01,"[3, 5, 7, 9, 11]"
S0832-Q01,S0832,1,2,NO_FOLLOWUP_NEEDED,False,领域待补,,[]
S0833-Q01,S0833,1,2,NO_FOLLOWUP_NEEDED,False,领域待补,,[]
S0834-Q01,S0834,1,2,NO_FOLLOWUP_NEEDED,False,领域待补,,[]
S0835-Q01,S0835,1,2,NO_FOLLOWUP_NEEDED,False,领域待补,,[]
S0836-Q01,S0836,1,4,QA3,True,数学建模综合与案例,S0836-D01,[3]
S0837-Q01,S0837,1,2,NO_FOLLOWUP_NEEDED,False,领域待补,,[]
S0838-Q01,S0838,1,6,QA3,True,优化与运筹,S0838-D01,"[3, 5]"
S0839-Q01,S0839,1,8,QA3,True,学习过程与工具使用,S0839-D01,"[3, 5, 7]"
S0840-Q01,S0840,1,6,QA3,True,微分方程与动态系统,S0840-D01,"[3, 5]"
S0841-Q01,S0841,1,2,STOPPED_NO_REPLY,False,领域待补,,[]
S0843-Q01,S0843,1,2,NO_FOLLOWUP_NEEDED,False,领域待补,,[]
S0844-Q01,S0844,1,12,QA3,True,数学建模综合与案例 / 机器学习与人工智能,S0844-D01 / S0844-D02,"[3, 5, 7, 9, 11]"
S0845-Q01,S0845,1,16,QA3,True,优化与运筹,S0845-D01,"[3, 5, 7, 9, 11, 13, 15]"
S0846-Q01,S0846,1,8,QA3,True,数学建模综合与案例,S0846-D01,"[3, 5, 7]"
S0847-Q01,S0847,1,2,NO_FOLLOWUP_NEEDED,False,领域待补,,[]
S0848-Q01,S0848,1,4,NO_FOLLOWUP_NEEDED,False,机器学习与人工智能,S0848-D01,[]
S0849-Q01,S0849,1,2,NO_FOLLOWUP_NEEDED,False,领域待补,,[]
S0850-Q01,S0850,1,8,QA3,True,优化与运筹,S0850-D01,"[3, 5, 7]"
S0851-Q01,S0851,1,2,NO_FOLLOWUP_NEEDED,False,领域待补,,[]
S0853-Q01,S0853,1,2,NO_FOLLOWUP_NEEDED,False,领域待补,,[]
S0854-Q01,S0854,1,6,QA3,True,机器学习与人工智能,S0854-D01,"[3, 5]"
S0855-Q01,S0855,1,6,QA3,True,数据处理与可视化,S0855-D01,"[3, 5]"
S0856-Q01,S0856,1,4,QA3,True,数据处理与可视化,S0856-D01,[3]
S0857-Q01,S0857,1,2,NO_FOLLOWUP_NEEDED,False,领域待补,,[]
S0858-Q01,S0858,1,2,NO_FOLLOWUP_NEEDED,False,领域待补,,[]
S0859-Q01,S0859,1,2,NO_FOLLOWUP_NEEDED,False,领域待补,,[]
S0860-Q01,S0860,1,2,NO_FOLLOWUP_NEEDED,False,领域待补,,[]
S0861-Q01,S0861,1,2,NO_FOLLOWUP_NEEDED,False,领域待补,,[]
S0862-Q01,S0862,1,2,NO_FOLLOWUP_NEEDED,False,领域待补,,[]
S0862-Q02,S0862,3,10,QA3,True,数学建模综合与案例,S0862-D01,"[5, 7, 9]"
S0863-Q01,S0863,1,2,NO_FOLLOWUP_NEEDED,False,领域待补,,[]
S0863-Q02,S0863,3,4,NO_FOLLOWUP_NEEDED,False,数学建模综合与案例,S0863-D01,[]
S0864-Q01,S0864,1,2,NO_FOLLOWUP_NEEDED,False,领域待补,,[]
S0865-Q01,S0865,1,2,NO_FOLLOWUP_NEEDED,False,领域待补,,[]
S0867-Q01,S0867,1,10,QA3,True,数学建模综合与案例,S0867-D01,"[3, 5, 7, 9]"
S0868-Q01,S0868,1,14,QA3,True,图论与网络,S0868-D01,"[3, 5, 7, 9, 11, 13]"
S0869-Q01,S0869,1,2,NO_FOLLOWUP_NEEDED,False,领域待补,,[]
S0869-Q02,S0869,3,4,NO_FOLLOWUP_NEEDED,False,数学建模综合与案例,S0869-D01,[]
S0870-Q01,S0870,1,2,NO_FOLLOWUP_NEEDED,False,领域待补,,[]
S0871-Q01,S0871,1,8,QA3,True,机器学习与人工智能,S0871-D01,"[3, 5, 7]"
S0872-Q01,S0872,1,12,QA3,True,数据处理与可视化,S0872-D01,"[3, 5, 7, 9, 11]"
S0873-Q01,S0873,1,2,NO_FOLLOWUP_NEEDED,False,领域待补,,[]
S0874-Q01,S0874,1,2,NO_FOLLOWUP_NEEDED,False,领域待补,,[]
S0875-Q01,S0875,1,2,NO_FOLLOWUP_NEEDED,False,领域待补,,[]
S0876-Q01,S0876,1,2,NO_FOLLOWUP_NEEDED,False,领域待补,,[]
S0877-Q01,S0877,1,2,STOPPED_NO_REPLY,False,领域待补,,[]
S0878-Q01,S0878,1,2,STOPPED_NO_REPLY,False,领域待补,,[]
S0879-Q01,S0879,1,2,STOPPED_NO_REPLY,False,领域待补,,[]
S0880-Q01,S0880,1,10,QA3,True,优化与运筹,S0880-D01,"[3, 5, 7, 9]"
S0881-Q01,S0881,1,6,QA3,True,优化与运筹,S0881-D01,"[3, 5]"
S0882-Q01,S0882,1,4,QA3,True,机器学习与人工智能,S0882-D01,[3]
S0883-Q01,S0883,1,2,STOPPED_NO_REPLY,False,领域待补,,[]
S0884-Q01,S0884,1,6,QA3,True,机器学习与人工智能,S0884-D01,"[3, 5]"
S0885-Q01,S0885,1,2,NO_FOLLOWUP_NEEDED,False,领域待补,,[]
S0886-Q01,S0886,1,2,NO_FOLLOWUP_NEEDED,False,领域待补,,[]
S0887-Q01,S0887,1,2,NO_FOLLOWUP_NEEDED,False,领域待补,,[]
S0888-Q01,S0888,1,6,QA3,True,其他与待判定,S0888-D01,"[3, 5]"
S0889-Q01,S0889,1,12,QA3,True,优化与运筹,S0889-D01,"[3, 5, 7, 9, 11]"
S0890-Q01,S0890,1,2,STOPPED_NO_REPLY,False,领域待补,,[]
S0891-Q01,S0891,1,4,QA3,True,图论与网络,S0891-D01,[3]
S0892-Q01,S0892,1,2,NO_FOLLOWUP_NEEDED,False,领域待补,,[]
S0893-Q01,S0893,1,6,QA3,True,数学建模综合与案例,S0893-D01,[3]
S0894-Q01,S0894,1,6,QA3,True,其他与待判定,S0894-D01,"[3, 5]"
S0895-Q01,S0895,1,8,QA3,True,其他与待判定,S0895-D01,"[3, 5, 7]"
S0897-Q01,S0897,1,12,QA3,True,优化与运筹,S0897-D01,"[3, 5, 7, 9, 11]"
S0898-Q01,S0898,1,2,STOPPED_NO_REPLY,False,领域待补,,[]
S0899-Q01,S0899,1,2,NO_FOLLOWUP_NEEDED,False,领域待补,,[]
S0900-Q01,S0900,1,2,NO_FOLLOWUP_NEEDED,False,领域待补,,[]
S0901-Q01,S0901,1,4,POOR_REPLY,False,领域待补,,[]
S0902-Q01,S0902,1,6,QA3,True,学习过程与工具使用,S0902-D01,"[3, 5]"
S0903-Q01,S0903,1,4,QA3,True,学习过程与工具使用,S0903-D01,[3]
S0904-Q01,S0904,1,2,STOPPED_NO_REPLY,False,领域待补,,[]
S0904-Q02,S0904,3,20,QA3,True,机器学习与人工智能,S0904-D01,"[5, 7, 9, 11, 13, 15, 17, 19]"
S0905-Q01,S0905,1,4,QA3,True,学习过程与工具使用,S0905-D01,[3]
S0905-Q02,S0905,5,6,NO_FOLLOWUP_NEEDED,False,学习过程与工具使用,S0905-D01,[]
S0906-Q01,S0906,1,12,QA3,True,优化与运筹,S0906-D01,"[5, 7, 9, 11]"
S0907-Q01,S0907,1,2,STOPPED_NO_REPLY,False,领域待补,,[]
S0908-Q01,S0908,1,6,QA3,True,其他与待判定,S0908-D01,[5]
S0909-Q01,S0909,1,6,QA3,True,学习过程与工具使用,S0909-D01,"[3, 5]"
S0910-Q01,S0910,1,18,QA3,True,机器学习与人工智能,S0910-D01,"[3, 5, 7, 9, 11, 13, 15, 17]"
S0911-Q01,S0911,1,12,QA3,True,机器学习与人工智能,S0911-D01,"[3, 5, 7, 9, 11]"
S0912-Q01,S0912,1,20,QA3,True,学习过程与工具使用 / 概率统计与随机过程,S0912-D01 / S0912-D02,"[3, 5, 7, 9, 11, 13, 15, 17, 19]"
S0913-Q01,S0913,1,2,NO_FOLLOWUP_NEEDED,False,领域待补,,[]
S0914-Q01,S0914,1,12,QA3,True,其他与待判定 / 学习过程与工具使用,S0914-D01 / S0914-D02 / S0914-D03,"[3, 5, 7, 9, 11]"
S0915-Q01,S0915,1,18,QA3,True,优化与运筹,S0915-D01,"[3, 5, 7, 9, 11, 13, 15, 17]"
S0916-Q01,S0916,1,2,NO_FOLLOWUP_NEEDED,False,领域待补,,[]
S0917-Q01,S0917,1,2,NO_FOLLOWUP_NEEDED,False,领域待补,,[]
S0918-Q01,S0918,1,2,NO_FOLLOWUP_NEEDED,False,领域待补,,[]
S0919-Q01,S0919,1,5,QA3,True,数学建模综合与案例,S0919-D01,"[3, 5]"
S0920-Q01,S0920,1,2,NO_FOLLOWUP_NEEDED,False,领域待补,,[]
S0921-Q01,S0921,1,4,QA3,True,其他与待判定,S0921-D01,[3]
S0922-Q01,S0922,1,2,STOPPED_NO_REPLY,False,领域待补,,[]
S0923-Q01,S0923,1,6,QA3,True,数据处理与可视化,S0923-D01,"[3, 5]"
S0924-Q01,S0924,1,4,QA3,True,数学建模综合与案例,S0924-D01,[3]
S0925-Q01,S0925,1,4,NO_FOLLOWUP_NEEDED,False,数学建模综合与案例,S0925-D01,[]
S0925-Q02,S0925,5,8,QA3,True,学习过程与工具使用 / 数学基础,S0925-D02 / S0925-D03,[7]
S0926-Q01,S0926,1,18,QA3,True,数学基础 / 数学建模综合与案例 / 机器学习与人工智能,S0926-D01 / S0926-D02 / S0926-D03 / S0926-D04,"[3, 5, 7, 9, 11, 13, 15, 17]"
S0927-Q01,S0927,1,18,QA3,True,机器学习与人工智能,S0927-D01,"[3, 5, 7, 9, 11, 13, 15, 17]"
S0928-Q01,S0928,1,4,QA3,True,其他与待判定,S0928-D01,[3]
S0929-Q01,S0929,1,4,QA3,True,数学建模综合与案例,S0929-D01,[3]
S0929-Q02,S0929,5,8,QA3,True,数学建模综合与案例,S0929-D01,[7]
S0929-Q03,S0929,9,10,NO_FOLLOWUP_NEEDED,False,数学建模综合与案例,S0929-D01,[]
S0930-Q01,S0930,1,6,QA3,True,机器学习与人工智能,S0930-D01,"[3, 5]"
S0931-Q01,S0931,1,16,QA3,True,机器学习与人工智能,S0931-D01,"[3, 5, 7, 9, 11, 13, 15]"
S0932-Q01,S0932,1,2,NO_FOLLOWUP_NEEDED,False,领域待补,,[]
S0932-Q02,S0932,3,14,QA3,True,数学建模综合与案例,S0932-D01,"[5, 7, 9, 11, 13]"
S0933-Q01,S0933,1,2,NO_FOLLOWUP_NEEDED,False,领域待补,,[]
S0934-Q01,S0934,1,6,QA3,True,数学建模综合与案例,S0934-D01,"[3, 5]"
S0935-Q01,S0935,1,14,QA3,True,优化与运筹,S0935-D01,"[3, 5, 7, 9, 11, 13]"
S0936-Q01,S0936,1,6,QA3,True,学习过程与工具使用,S0936-D01,"[3, 5]"
S0936-Q02,S0936,7,8,NO_FOLLOWUP_NEEDED,False,学习过程与工具使用,S0936-D01,[]
S0937-Q01,S0937,1,10,QA3,True,机器学习与人工智能,S0937-D01,"[3, 5, 7, 9]"
S0938-Q01,S0938,1,16,QA3,True,机器学习与人工智能,S0938-D01,"[3, 5, 7, 9, 11, 13, 15]"
S0939-Q01,S0939,1,4,QA3,True,其他与待判定,S0939-D01,[3]
S0940-Q01,S0940,1,6,QA3,True,其他与待判定,S0940-D01,"[3, 5]"
S0941-Q01,S0941,1,4,QA3,True,领域待补,,[3]
S0942-Q01,S0942,1,2,NO_FOLLOWUP_NEEDED,False,领域待补,,[]
S0942-Q02,S0942,3,6,QA3,True,学习过程与工具使用,S0942-D01,[5]
S0942-Q03,S0942,7,10,QA3,True,其他与待判定,S0942-D02,[9]
S0942-Q04,S0942,11,12,NO_FOLLOWUP_NEEDED,False,学习过程与工具使用,S0942-D03,[]
S0943-Q01,S0943,1,12,QA3,True,优化与运筹,S0943-D01,"[3, 5, 7, 9, 11]"
S0944-Q01,S0944,1,10,QA3,True,优化与运筹,S0944-D01,"[3, 5, 7, 9]"
S0945-Q01,S0945,1,4,QA3,True,数学建模综合与案例,S0945-D01,[3]
S0946-Q01,S0946,1,4,QA3,True,数学建模综合与案例,S0946-D01,[3]
S0947-Q01,S0947,1,6,QA3,True,机器学习与人工智能,S0947-D01,"[3, 5]"
S0948-Q01,S0948,1,10,QA3,True,机器学习与人工智能,S0948-D01,"[3, 5, 7, 9]"
S0949-Q01,S0949,1,2,STOPPED_NO_REPLY,False,领域待补,,[]
S0950-Q01,S0950,1,4,QA3,True,数学建模综合与案例,S0950-D01,[3]
S0951-Q01,S0951,1,4,QA3,True,数学建模综合与案例,S0951-D01,[3]
S0952-Q01,S0952,1,2,NO_FOLLOWUP_NEEDED,False,领域待补,,[]
S0953-Q01,S0953,1,8,QA3,True,其他与待判定,S0953-D01,"[3, 5, 7]"
S0954-Q01,S0954,1,14,QA3,True,概率统计与随机过程,S0954-D01,"[3, 5, 7, 9, 11, 13]"
S0955-Q01,S0955,1,2,NO_FOLLOWUP_NEEDED,False,领域待补,,[]
S0956-Q01,S0956,1,8,QA3,True,概率统计与随机过程,S0956-D01,"[3, 5, 7]"
S0957-Q01,S0957,1,4,NO_FOLLOWUP_NEEDED,False,领域待补,,[]
S0958-Q01,S0958,1,22,QA3,True,概率统计与随机过程,S0958-D01,"[3, 5, 7, 9, 11, 13, 15, 17, 19, 21]"
S0959-Q01,S0959,1,20,QA3,True,优化与运筹 / 数学建模综合与案例 / 概率统计与随机过程,S0959-D01 / S0959-D02 / S0959-D03 / S0959-D04,"[3, 5, 7, 9, 11, 13, 15, 17]"
S0960-Q01,S0960,1,2,NO_FOLLOWUP_NEEDED,False,领域待补,,[]
S0961-Q01,S0961,1,14,QA3,True,机器学习与人工智能,S0961-D01,"[3, 5, 7, 9, 11, 13]"
S0962-Q01,S0962,1,2,NO_FOLLOWUP_NEEDED,False,领域待补,,[]
S0963-Q01,S0963,1,14,QA3,True,学习过程与工具使用 / 机器学习与人工智能,S0963-D01 / S0963-D02,"[3, 5, 7, 9, 11, 13]"
S0964-Q01,S0964,1,10,QA3,True,优化与运筹,S0964-D01,"[3, 5, 7, 9]"
S0965-Q01,S0965,1,4,QA3,True,数学建模综合与案例,S0965-D01,[3]
S0966-Q01,S0966,1,4,QA3,True,机器学习与人工智能,S0966-D01,[3]
S0967-Q01,S0967,1,2,STOPPED_NO_REPLY,False,领域待补,,[]
S0968-Q01,S0968,1,8,QA3,True,其他与待判定 / 数学建模综合与案例 / 概率统计与随机过程,S0968-D01 / S0968-D02 / S0968-D03,"[3, 5, 7]"
S0969-Q01,S0969,1,2,NO_FOLLOWUP_NEEDED,False,领域待补,,[]
S0971-Q01,S0971,1,2,NO_FOLLOWUP_NEEDED,False,领域待补,,[]
S0973-Q01,S0973,1,2,NO_FOLLOWUP_NEEDED,False,领域待补,,[]
S0974-Q01,S0974,1,2,STOPPED_NO_REPLY,False,领域待补,,[]
S0975-Q01,S0975,1,2,NO_FOLLOWUP_NEEDED,False,领域待补,,[]
S0976-Q01,S0976,1,10,QA3,True,其他与待判定,S0976-D01,"[3, 5, 7, 9]"
S0977-Q01,S0977,1,6,QA3,True,图论与网络,S0977-D01,"[3, 5]"
S0978-Q01,S0978,1,2,NO_FOLLOWUP_NEEDED,False,领域待补,,[]
S0979-Q01,S0979,1,2,NO_FOLLOWUP_NEEDED,False,领域待补,,[]
S0980-Q01,S0980,1,2,STOPPED_NO_REPLY,False,领域待补,,[]
S0981-Q01,S0981,1,2,NO_FOLLOWUP_NEEDED,False,领域待补,,[]
S0982-Q01,S0982,1,8,QA3,True,学习过程与工具使用 / 机器学习与人工智能,S0982-D01 / S0982-D02,"[3, 5, 7]"
S0983-Q01,S0983,1,14,QA3,True,优化与运筹,S0983-D01,"[3, 5, 7, 9, 11, 13]"
S0984-Q01,S0984,1,2,STOPPED_NO_REPLY,False,领域待补,,[]
S0985-Q01,S0985,1,4,QA3,True,数学建模综合与案例,S0985-D01,[3]
S0986-Q01,S0986,1,2,NO_FOLLOWUP_NEEDED,False,领域待补,,[]
S0987-Q01,S0987,1,8,QA3,True,其他与待判定,S0987-D01,"[3, 5, 7]"
S0988-Q01,S0988,1,6,QA3,True,概率统计与随机过程,S0988-D01,"[3, 5]"
S0989-Q01,S0989,1,2,NO_FOLLOWUP_NEEDED,False,领域待补,,[]
S0990-Q01,S0990,1,4,QA3,True,数学建模综合与案例,S0990-D01,[3]
S0991-Q01,S0991,1,4,QA3,True,数学建模综合与案例,S0991-D01,[3]
S0992-Q01,S0992,1,2,NO_FOLLOWUP_NEEDED,False,领域待补,,[]
S0993-Q01,S0993,1,8,QA3,True,机器学习与人工智能,S0993-D01,"[3, 5, 7]"
S0994-Q01,S0994,1,20,QA3,True,机器学习与人工智能,S0994-D01,"[3, 5, 7, 13, 15, 17, 19]"
S0995-Q01,S0995,1,4,QA3,True,机器学习与人工智能,S0995-D01,[3]
S0996-Q01,S0996,1,2,NO_FOLLOWUP_NEEDED,False,领域待补,,[]
S0997-Q01,S0997,1,12,QA3,True,其他与待判定,S0997-D01,"[3, 5, 7, 9, 11]"
S0998-Q01,S0998,1,4,QA3,True,机器学习与人工智能,S0998-D01,[3]
S0999-Q01,S0999,1,4,QA3,True,优化与运筹,S0999-D01,[3]
S1000-Q01,S1000,1,2,NO_FOLLOWUP_NEEDED,False,领域待补,,[]
S1001-Q01,S1001,1,2,STOPPED_NO_REPLY,False,领域待补,,[]
S1002-Q01,S1002,1,2,STOPPED_NO_REPLY,False,领域待补,,[]
S1003-Q01,S1003,1,4,QA3,True,优化与运筹,S1003-D01,[3]
S1004-Q01,S1004,1,8,QA3,True,优化与运筹,S1004-D01,"[3, 5, 7]"
S1005-Q01,S1005,1,2,NO_FOLLOWUP_NEEDED,False,领域待补,,[]
S1006-Q01,S1006,1,2,NO_FOLLOWUP_NEEDED,False,领域待补,,[]
S1007-Q01,S1007,1,10,QA3,True,优化与运筹 / 学习过程与工具使用,S1007-D01 / S1007-D02,"[3, 5, 7, 9]"
S1008-Q01,S1008,1,8,QA3,True,其他与待判定,S1008-D01,"[3, 5, 7]"
S1009-Q01,S1009,1,14,QA3,True,优化与运筹,S1009-D01,"[3, 5, 7, 9, 11]"
S1010-Q01,S1010,1,4,QA3,True,数学建模综合与案例,S1010-D01,[3]
S1011-Q01,S1011,1,4,QA3,True,数学建模综合与案例,S1011-D01,[3]
S1012-Q01,S1012,1,2,NO_FOLLOWUP_NEEDED,False,领域待补,,[]
S1013-Q01,S1013,1,4,QA3,True,数学建模综合与案例,S1013-D01,[3]
S1014-Q01,S1014,1,6,QA3,True,优化与运筹,S1014-D01,"[3, 5]"
S1015-Q01,S1015,1,16,QA3,True,其他与待判定,S1015-D01,"[3, 5, 7, 9, 11, 13, 15]"
S1016-Q01,S1016,1,4,QA3,True,数学建模综合与案例,S1016-D01,[3]
S1017-Q01,S1017,1,2,NO_FOLLOWUP_NEEDED,False,领域待补,,[]
S1018-Q01,S1018,1,4,QA3,True,学习过程与工具使用,S1018-D01,[3]
S1019-Q01,S1019,1,4,REVIEW,False,领域待补,,[]
S1021-Q01,S1021,1,2,STOPPED_NO_REPLY,False,领域待补,,[]
S1022-Q01,S1022,1,2,NO_FOLLOWUP_NEEDED,False,领域待补,,[]
S1023-Q01,S1023,1,2,STOPPED_NO_REPLY,False,领域待补,,[]
S1024-Q01,S1024,1,2,STOPPED_NO_REPLY,False,领域待补,,[]
S1025-Q01,S1025,1,2,NO_FOLLOWUP_NEEDED,False,领域待补,,[]
S1026-Q01,S1026,1,4,QA3,True,其他与待判定,S1026-D01,[3]
S1027-Q01,S1027,1,10,QA3,True,优化与运筹,S1027-D01,"[3, 5, 7, 9]"
S1028-Q01,S1028,1,4,QA3,True,数学建模综合与案例,S1028-D01,[3]
S1029-Q01,S1029,1,2,STOPPED_NO_REPLY,False,领域待补,,[]
S1030-Q01,S1030,1,2,STOPPED_NO_REPLY,False,领域待补,,[]
S1031-Q01,S1031,1,6,QA3,True,数据处理与可视化,S1031-D01,[3]
S1032-Q01,S1032,1,4,QA3,True,数学建模综合与案例,S1032-D01,[3]
S1032-Q02,S1032,5,6,NO_FOLLOWUP_NEEDED,False,数学建模综合与案例,S1032-D01,[]
S1033-Q01,S1033,1,2,NO_FOLLOWUP_NEEDED,False,领域待补,,[]
S1034-Q01,S1034,1,6,QA3,True,优化与运筹,S1034-D01,"[3, 5]"
S1035-Q01,S1035,1,16,QA3,True,优化与运筹,S1035-D01,"[3, 5, 7, 9, 11, 13, 15]"
S1036-Q01,S1036,1,8,QA3,True,概率统计与随机过程,S1036-D01,"[3, 5, 7]"
S1037-Q01,S1037,1,4,QA3,True,数学建模综合与案例,S1037-D01,[3]
S1038-Q01,S1038,1,2,NO_FOLLOWUP_NEEDED,False,领域待补,,[]
S1039-Q01,S1039,1,2,NO_FOLLOWUP_NEEDED,False,领域待补,,[]
S1040-Q01,S1040,1,2,STOPPED_NO_REPLY,False,领域待补,,[]
S1041-Q01,S1041,1,16,QA3,True,其他与待判定,S1041-D01,"[3, 5, 7, 9, 11, 13, 15]"
S1042-Q01,S1042,1,4,QA3,True,其他与待判定,S1042-D01,[3]
S1043-Q01,S1043,1,2,NO_FOLLOWUP_NEEDED,False,领域待补,,[]
S1044-Q01,S1044,1,20,QA3,True,优化与运筹,S1044-D01,"[3, 5, 7, 9, 11, 13, 15, 17, 19]"
S1045-Q01,S1045,1,10,QA3,True,数学建模综合与案例,S1045-D01,"[3, 5, 7, 9]"
S1046-Q01,S1046,1,6,QA3,True,数学建模综合与案例,S1046-D01,"[3, 5]"
S1047-Q01,S1047,1,10,QA3,True,优化与运筹,S1047-D01,"[3, 5, 7]"
S1048-Q01,S1048,1,2,NO_FOLLOWUP_NEEDED,False,领域待补,,[]
S1049-Q01,S1049,1,2,NO_FOLLOWUP_NEEDED,False,领域待补,,[]
S1050-Q01,S1050,1,12,QA3,True,学习过程与工具使用 / 数学基础 / 机器学习与人工智能,S1050-D01 / S1050-D02 / S1050-D03 / S1050-D04,"[3, 5, 7, 9, 11]"
S1050-Q02,S1050,13,14,NO_FOLLOWUP_NEEDED,False,学习过程与工具使用,S1050-D04,[]
S1051-Q01,S1051,1,36,QA3,True,优化与运筹,S1051-D01,"[3, 5, 7, 9, 11, 13, 15, 17, 19, 21, 23, 25, 27, 29, 31, 33, 35]"
S1052-Q01,S1052,1,30,QA3,True,其他与待判定 / 数学建模综合与案例,S1052-D01 / S1052-D02,"[3, 5, 7, 9, 11, 13, 15, 17, 19, 23, 25, 29]"
S1052-Q02,S1052,31,34,POOR_REPLY,False,学习过程与工具使用,S1052-D03,[]
S1052-Q03,S1052,35,38,QA3,True,微分方程与动态系统 / 概率统计与随机过程,S1052-D04 / S1052-D05,[37]
S1053-Q01,S1053,1,2,STOPPED_NO_REPLY,False,领域待补,,[]
S1054-Q01,S1054,1,10,QA3,True,优化与运筹,S1054-D01,"[3, 5, 7, 9]"
S1055-Q01,S1055,1,2,NO_FOLLOWUP_NEEDED,False,领域待补,,[]
S1056-Q01,S1056,1,2,STOPPED_NO_REPLY,False,领域待补,,[]
S1057-Q01,S1057,1,2,STOPPED_NO_REPLY,False,领域待补,,[]
S1058-Q01,S1058,1,2,NO_FOLLOWUP_NEEDED,False,领域待补,,[]
S1059-Q01,S1059,1,2,NO_FOLLOWUP_NEEDED,False,领域待补,,[]
S1060-Q01,S1060,1,2,NO_FOLLOWUP_NEEDED,False,领域待补,,[]
S1061-Q01,S1061,1,18,QA3,True,优化与运筹 / 数值计算与科学计算 / 数学建模综合与案例 / 机器学习与人工智能 / 评价与决策,S1061-D01 / S1061-D02 / S1061-D03 / S1061-D04 / S1061-D05 / S1061-D06 / S1061-D07,"[3, 5, 7, 9, 11, 13, 15, 17]"
S1062-Q01,S1062,1,20,QA3,True,图论与网络,S1062-D01,"[3, 5, 7, 9, 11, 13, 15, 17, 19]"
S1063-Q01,S1063,1,4,QA3,True,数学建模综合与案例,S1063-D01,[3]
S1064-Q01,S1064,1,2,NO_FOLLOWUP_NEEDED,False,领域待补,,[]
S1065-Q01,S1065,1,2,NO_FOLLOWUP_NEEDED,False,领域待补,,[]
S1066-Q01,S1066,1,6,QA3,True,学习过程与工具使用 / 数学建模综合与案例,S1066-D01 / S1066-D02,"[3, 5]"
S1067-Q01,S1067,1,8,QA3,True,优化与运筹,S1067-D01,"[3, 5, 7]"
S1068-Q01,S1068,1,4,QA3,True,数学建模综合与案例,S1068-D01,[3]
S1069-Q01,S1069,1,2,NO_FOLLOWUP_NEEDED,False,领域待补,,[]
S1070-Q01,S1070,1,2,NO_FOLLOWUP_NEEDED,False,领域待补,,[]
S1071-Q01,S1071,1,2,NO_FOLLOWUP_NEEDED,False,领域待补,,[]
S1072-Q01,S1072,1,2,NO_FOLLOWUP_NEEDED,False,领域待补,,[]
S1073-Q01,S1073,1,2,NO_FOLLOWUP_NEEDED,False,领域待补,,[]
S1074-Q01,S1074,1,12,QA3,True,机器学习与人工智能,S1074-D01,"[3, 5, 7, 9, 11]"
S1075-Q01,S1075,1,12,QA3,True,概率统计与随机过程,S1075-D01,"[3, 5, 7, 9, 11]"
S1076-Q01,S1076,1,6,QA3,True,数学建模综合与案例,S1076-D01,"[3, 5]"
S1077-Q01,S1077,1,6,QA3,True,数学建模综合与案例,S1077-D01,"[3, 5]"
S1078-Q01,S1078,1,6,QA3,True,数学建模综合与案例,S1078-D01,"[3, 5]"
S1079-Q01,S1079,1,2,STOPPED_NO_REPLY,False,领域待补,,[]
S1080-Q01,S1080,1,2,NO_FOLLOWUP_NEEDED,False,领域待补,,[]
S1080-Q02,S1080,3,10,QA3,True,机器学习与人工智能,S1080-D01,"[5, 7, 9]"
S1080-Q03,S1080,11,12,NO_FOLLOWUP_NEEDED,False,机器学习与人工智能,S1080-D01,[]
S1081-Q01,S1081,1,6,QA3,True,数学建模综合与案例,S1081-D01,"[3, 5]"
S1082-Q01,S1082,1,8,QA3,True,学习过程与工具使用 / 数学建模综合与案例 / 数据处理与可视化,S1082-D01 / S1082-D02 / S1082-D03,"[3, 5, 7]"
S1083-Q01,S1083,1,14,QA3,True,概率统计与随机过程,S1083-D01,"[3, 5, 7, 9, 11, 13]"
S1084-Q01,S1084,1,2,NO_FOLLOWUP_NEEDED,False,领域待补,,[]
S1085-Q01,S1085,1,20,QA3,True,数值计算与科学计算 / 数学建模综合与案例 / 机器学习与人工智能,S1085-D01 / S1085-D02 / S1085-D03,"[3, 5, 7, 9, 11, 13, 15, 17, 19]"
S1087-Q01,S1087,1,4,QA3,True,学习过程与工具使用,S1087-D01,[3]
S1088-Q01,S1088,1,2,STOPPED_NO_REPLY,False,领域待补,,[]
S1089-Q01,S1089,1,12,QA3,True,优化与运筹,S1089-D01,"[3, 5, 7, 9, 11]"
S1090-Q01,S1090,1,2,NO_FOLLOWUP_NEEDED,False,领域待补,,[]
S1091-Q01,S1091,1,4,QA3,True,数学建模综合与案例,S1091-D01,[3]
S1092-Q01,S1092,1,6,QA3,True,数据处理与可视化,S1092-D01,"[3, 5]"
S1093-Q01,S1093,1,2,NO_FOLLOWUP_NEEDED,False,领域待补,,[]
S1093-Q02,S1093,3,6,QA3,True,学习过程与工具使用,S1093-D01,[5]
S1094-Q01,S1094,1,18,QA3,True,学习过程与工具使用,S1094-D01,"[3, 5, 7, 9, 11, 13, 15, 17]"
S1095-Q01,S1095,1,2,STOPPED_NO_REPLY,False,领域待补,,[]
S1096-Q01,S1096,1,6,QA3,True,其他与待判定 / 学习过程与工具使用,S1096-D01 / S1096-D02,"[3, 5]"
S1097-Q01,S1097,1,22,QA3,True,其他与待判定,S1097-D01,"[3, 5, 7, 9, 11, 13, 15, 17, 19, 21]"
S1098-Q01,S1098,1,2,NO_FOLLOWUP_NEEDED,False,领域待补,,[]
S1099-Q01,S1099,1,2,NO_FOLLOWUP_NEEDED,False,领域待补,,[]
S1100-Q01,S1100,1,8,QA3,True,数值计算与科学计算 / 数学建模综合与案例 / 机器学习与人工智能,S1100-D01 / S1100-D02 / S1100-D03,"[3, 5]"
S1100-Q02,S1100,9,10,NO_FOLLOWUP_NEEDED,False,学习过程与工具使用,S1100-D04,[]
S1101-Q01,S1101,1,4,NO_FOLLOWUP_NEEDED,False,数学建模综合与案例,S1101-D01,[]
S1102-Q01,S1102,1,6,QA3,True,学习过程与工具使用,S1102-D01,[5]
S1103-Q01,S1103,1,8,QA3,True,优化与运筹,S1103-D01,"[3, 5, 7]"
S1103-Q02,S1103,9,10,NO_FOLLOWUP_NEEDED,False,其他与待判定,S1103-D02,[]
S1104-Q01,S1104,1,2,NO_FOLLOWUP_NEEDED,False,领域待补,,[]
S1105-Q01,S1105,1,2,STOPPED_NO_REPLY,False,领域待补,,[]
S1106-Q01,S1106,1,2,NO_FOLLOWUP_NEEDED,False,领域待补,,[]
S1107-Q01,S1107,1,2,STOPPED_NO_REPLY,False,领域待补,,[]
S1108-Q01,S1108,1,4,NO_FOLLOWUP_NEEDED,False,机器学习与人工智能,S1108-D01,[]
S1109-Q01,S1109,1,8,QA3,True,优化与运筹,S1109-D01,"[3, 7]"
S1110-Q01,S1110,1,2,NO_FOLLOWUP_NEEDED,False,领域待补,,[]
S1111-Q01,S1111,1,2,STOPPED_NO_REPLY,False,领域待补,,[]
S1112-Q01,S1112,1,6,QA3,True,微分方程与动态系统,S1112-D01,"[3, 5]"
S1113-Q01,S1113,1,14,QA3,True,优化与运筹,S1113-D01,"[3, 5, 7, 9, 11, 13]"
S1114-Q01,S1114,1,2,NO_FOLLOWUP_NEEDED,False,领域待补,,[]
S1115-Q01,S1115,1,2,NO_FOLLOWUP_NEEDED,False,领域待补,,[]
S1116-Q01,S1116,1,6,QA3,True,学习过程与工具使用 / 数值计算与科学计算,S1116-D01 / S1116-D02,"[3, 5]"
S1117-Q01,S1117,1,8,QA3,True,数学建模综合与案例,S1117-D01,"[5, 7]"
S1118-Q01,S1118,1,12,QA3,True,优化与运筹,S1118-D01,"[3, 5, 7, 9, 11]"
S1119-Q01,S1119,1,4,QA3,True,学习过程与工具使用,S1119-D01,[3]
S1120-Q01,S1120,1,2,NO_FOLLOWUP_NEEDED,False,领域待补,,[]
S1120-Q02,S1120,3,4,NO_FOLLOWUP_NEEDED,False,数学建模综合与案例,S1120-D01,[]
S1120-Q03,S1120,5,10,QA3,True,数学建模综合与案例,S1120-D01,"[7, 9]"
S1121-Q01,S1121,1,2,NO_FOLLOWUP_NEEDED,False,领域待补,,[]
S1121-Q02,S1121,3,4,NO_FOLLOWUP_NEEDED,False,数学建模综合与案例,S1121-D01,[]
S1122-Q01,S1122,1,10,QA3,True,数学建模综合与案例 / 概率统计与随机过程,S1122-D01 / S1122-D02 / S1122-D03,"[3, 5, 7, 9]"
S1122-Q02,S1122,11,12,NO_FOLLOWUP_NEEDED,False,数学建模综合与案例,S1122-D03,[]
S1123-Q01,S1123,1,6,QA3,True,数学建模综合与案例,S1123-D01,"[3, 5]"
S1125-Q01,S1125,1,4,QA3,True,数学建模综合与案例,S1125-D01,[3]
S1125-Q02,S1125,5,6,NO_FOLLOWUP_NEEDED,False,机器学习与人工智能,S1125-D02,[]
S1126-Q01,S1126,1,2,NO_FOLLOWUP_NEEDED,False,领域待补,,[]
S1127-Q01,S1127,1,4,QA3,True,机器学习与人工智能,S1127-D01,[3]
S1128-Q01,S1128,1,4,QA3,True,其他与待判定,S1128-D01,[3]
S1128-Q02,S1128,5,10,QA3,True,其他与待判定,S1128-D01,"[7, 9]"
S1128-Q03,S1128,11,16,QA3,True,机器学习与人工智能,S1128-D02,"[13, 15]"
S1129-Q01,S1129,1,8,QA3,True,其他与待判定,S1129-D01,"[3, 5, 7]"
S1130-Q01,S1130,1,2,NO_FOLLOWUP_NEEDED,False,领域待补,,[]
S1131-Q01,S1131,1,4,QA3,True,数学基础,S1131-D01,[3]
S1132-Q01,S1132,1,8,QA3,True,机器学习与人工智能,S1132-D01,"[3, 5, 7]"
S1133-Q01,S1133,1,6,QA3,True,机器学习与人工智能,S1133-D01,"[3, 5]"
S1134-Q01,S1134,1,2,REVIEW,False,领域待补,,[]
S1135-Q01,S1135,1,22,QA3,True,数学建模综合与案例 / 机器学习与人工智能,S1135-D01 / S1135-D02,"[3, 5, 7, 9, 11, 13, 15, 17, 19, 21]"
S1136-Q01,S1136,1,2,NO_FOLLOWUP_NEEDED,False,领域待补,,[]
S1136-Q02,S1136,3,4,NO_FOLLOWUP_NEEDED,False,数学建模综合与案例,S1136-D01,[]
S1136-Q03,S1136,5,6,NO_FOLLOWUP_NEEDED,False,数学建模综合与案例,S1136-D01,[]
S1137-Q01,S1137,1,12,QA3,True,机器学习与人工智能,S1137-D01,"[3, 5, 7, 9, 11]"
S1138-Q01,S1138,1,11,QA3,True,机器学习与人工智能,S1138-D01,"[3, 5, 7, 9, 11]"
S1138-Q02,S1138,12,28,QA3,True,机器学习与人工智能,S1138-D01,"[13, 15, 17, 19, 21, 23, 25, 27]"
S1139-Q01,S1139,1,6,QA3,True,机器学习与人工智能,S1139-D01,"[3, 5]"
S1140-Q01,S1140,1,2,STOPPED_NO_REPLY,False,领域待补,,[]
S1140-Q02,S1140,3,12,QA3,True,数学建模综合与案例,S1140-D01,"[5, 7, 9, 11]"
S1141-Q01,S1141,1,10,QA3,True,其他与待判定 / 概率统计与随机过程,S1141-D01 / S1141-D02,"[3, 5, 7, 9]"
S1142-Q01,S1142,1,6,QA3,True,机器学习与人工智能,S1142-D01,"[3, 5]"
S1143-Q01,S1143,1,10,QA3,True,机器学习与人工智能,S1143-D01,"[3, 5, 7]"
S1144-Q01,S1144,1,12,QA3,True,机器学习与人工智能,S1144-D01,"[3, 5, 7, 9, 11]"
S1145-Q01,S1145,1,10,QA3,True,机器学习与人工智能,S1145-D01,"[3, 5, 7, 9]"
S1146-Q01,S1146,1,2,STOPPED_NO_REPLY,False,领域待补,,[]
S1147-Q01,S1147,1,15,QA3,True,机器学习与人工智能,S1147-D01,"[3, 5, 7, 9, 11, 13]"
S1148-Q01,S1148,1,4,QA3,True,优化与运筹,S1148-D01,[3]
S1149-Q01,S1149,1,14,QA3,True,数学基础 / 机器学习与人工智能,S1149-D01 / S1149-D02,"[3, 5, 7, 9, 11, 13]"
S1150-Q01,S1150,1,6,QA3,True,数据处理与可视化,S1150-D01,"[3, 5]"
S1151-Q01,S1151,1,2,NO_FOLLOWUP_NEEDED,False,领域待补,,[]
S1151-Q02,S1151,3,4,NO_FOLLOWUP_NEEDED,False,学习过程与工具使用,S1151-D01,[]
S1151-Q03,S1151,5,6,NO_FOLLOWUP_NEEDED,False,学习过程与工具使用,S1151-D01,[]
S1152-Q01,S1152,1,2,NO_FOLLOWUP_NEEDED,False,领域待补,,[]
S1153-Q01,S1153,1,2,NO_FOLLOWUP_NEEDED,False,领域待补,,[]
S1154-Q01,S1154,1,8,QA3,True,机器学习与人工智能,S1154-D01,"[5, 7]"
S1155-Q01,S1155,1,8,QA3,True,机器学习与人工智能,S1155-D01,"[3, 5, 7]"
S1157-Q01,S1157,1,2,NO_FOLLOWUP_NEEDED,False,领域待补,,[]
S1158-Q01,S1158,1,6,QA3,True,数学建模综合与案例,S1158-D01,"[3, 5]"
S1160-Q01,S1160,1,2,NO_FOLLOWUP_NEEDED,False,领域待补,,[]
S1161-Q01,S1161,1,2,STOPPED_NO_REPLY,False,领域待补,,[]
S1162-Q01,S1162,1,4,QA3,True,学习过程与工具使用,S1162-D01,[3]
S1164-Q01,S1164,1,2,NO_FOLLOWUP_NEEDED,False,领域待补,,[]
S1165-Q01,S1165,1,2,NO_FOLLOWUP_NEEDED,False,领域待补,,[]
S1166-Q01,S1166,1,6,QA3,True,学习过程与工具使用,S1166-D01,[3]
S1167-Q01,S1167,1,2,STOPPED_NO_REPLY,False,领域待补,,[]
S1168-Q01,S1168,1,2,STOPPED_NO_REPLY,False,领域待补,,[]
S1169-Q01,S1169,1,4,QA3,True,数学建模综合与案例,S1169-D01,[3]
S1170-Q01,S1170,1,4,QA3,True,数学建模综合与案例,S1170-D01,[3]
S1171-Q01,S1171,1,4,QA3,True,数学建模综合与案例,S1171-D01,[3]
S1172-Q01,S1172,1,8,QA3,True,优化与运筹,S1172-D01,"[3, 5, 7]"
S1173-Q01,S1173,1,4,QA3,True,其他与待判定,S1173-D01,[3]
S1174-Q01,S1174,1,2,NO_FOLLOWUP_NEEDED,False,领域待补,,[]
S1175-Q01,S1175,1,8,QA3,True,机器学习与人工智能,S1175-D01,"[3, 5]"
S1176-Q01,S1176,1,8,QA3,True,优化与运筹,S1176-D01,[5]
S1177-Q01,S1177,1,6,QA3,True,数学建模综合与案例,S1177-D01,"[3, 5]"
S1178-Q01,S1178,1,2,NO_FOLLOWUP_NEEDED,False,领域待补,,[]
S1179-Q01,S1179,1,2,NO_FOLLOWUP_NEEDED,False,领域待补,,[]
S1180-Q01,S1180,1,4,QA3,True,其他与待判定,S1180-D01,[3]
S1181-Q01,S1181,1,10,QA3,True,数据处理与可视化,S1181-D01,"[3, 5]"
S1182-Q01,S1182,1,4,QA3,True,数学建模综合与案例,S1182-D01,[3]
S1182-Q02,S1182,5,6,STOPPED_NO_REPLY,False,学习过程与工具使用,S1182-D02,[]
S1184-Q01,S1184,1,4,QA3,True,数学建模综合与案例,S1184-D01,[3]
S1186-Q01,S1186,1,6,QA3,True,机器学习与人工智能,S1186-D01,"[3, 5]"
S1188-Q01,S1188,1,6,QA3,True,机器学习与人工智能,S1188-D01,"[3, 5]"
S1189-Q01,S1189,1,2,NO_FOLLOWUP_NEEDED,False,领域待补,,[]
S1190-Q01,S1190,1,2,NO_FOLLOWUP_NEEDED,False,领域待补,,[]
S1191-Q01,S1191,1,2,NO_FOLLOWUP_NEEDED,False,领域待补,,[]
S1192-Q01,S1192,1,2,NO_FOLLOWUP_NEEDED,False,领域待补,,[]
S1193-Q01,S1193,1,2,STOPPED_NO_REPLY,False,领域待补,,[]
S1194-Q01,S1194,1,6,QA3,True,优化与运筹,S1194-D01,"[3, 5]"
S1195-Q01,S1195,1,4,QA3,True,数学建模综合与案例,S1195-D01,[3]
S1196-Q01,S1196,1,2,STOPPED_NO_REPLY,False,领域待补,,[]
S1197-Q01,S1197,1,8,QA3,True,学习过程与工具使用 / 数学建模综合与案例,S1197-D01 / S1197-D02,"[3, 5, 7]"
S1198-Q01,S1198,1,12,QA3,True,机器学习与人工智能,S1198-D01,"[3, 5, 7, 9, 11]"
S1199-Q01,S1199,1,14,QA3,True,优化与运筹,S1199-D01,"[3, 5, 7, 9, 11, 13]"
S1200-Q01,S1200,1,4,QA3,True,优化与运筹,S1200-D01,[3]
S1201-Q01,S1201,1,6,QA3,True,数学建模综合与案例,S1201-D01,"[3, 5]"
S1202-Q01,S1202,1,2,NO_FOLLOWUP_NEEDED,False,领域待补,,[]
S1203-Q01,S1203,1,2,NO_FOLLOWUP_NEEDED,False,领域待补,,[]
S1204-Q01,S1204,1,8,QA3,True,学习过程与工具使用 / 数值计算与科学计算,S1204-D01 / S1204-D02,"[3, 5, 7]"
S1205-Q01,S1205,1,4,QA3,True,数学建模综合与案例,S1205-D01,[3]
S1206-Q01,S1206,1,10,QA3,True,概率统计与随机过程,S1206-D01,"[3, 5, 7, 9]"
S1207-Q01,S1207,1,8,QA3,True,概率统计与随机过程,S1207-D01,"[3, 5, 7]"
S1208-Q01,S1208,1,4,QA3,True,数学建模综合与案例,S1208-D01,[3]
S1209-Q01,S1209,1,4,QA3,True,图论与网络,S1209-D01,[3]
S1210-Q01,S1210,1,2,NO_FOLLOWUP_NEEDED,False,领域待补,,[]
S1211-Q01,S1211,1,6,QA3,True,微分方程与动态系统,S1211-D01,"[3, 5]"
S1212-Q01,S1212,1,2,STOPPED_NO_REPLY,False,领域待补,,[]
S1213-Q01,S1213,1,4,QA3,True,数学建模综合与案例,S1213-D01,[3]
S1214-Q01,S1214,1,12,QA3,True,数学基础,S1214-D01,"[3, 5, 7, 9, 11]"
S1215-Q01,S1215,1,10,QA3,True,微分方程与动态系统,S1215-D01,"[3, 5, 7, 9]"
S1216-Q01,S1216,1,7,QA3,True,数学建模综合与案例,S1216-D01,"[3, 6]"
S1217-Q01,S1217,1,4,QA3,True,数学建模综合与案例,S1217-D01,[3]
S1218-Q01,S1218,1,4,QA3,True,机器学习与人工智能,S1218-D01,[3]
S1218-Q02,S1218,5,10,QA3,True,机器学习与人工智能,S1218-D01,"[7, 9]"
S1218-Q03,S1218,11,14,QA3,True,机器学习与人工智能,S1218-D01,[13]
S1219-Q01,S1219,1,6,QA3,True,其他与待判定,S1219-D01,"[3, 5]"
S1220-Q01,S1220,1,8,QA3,True,概率统计与随机过程,S1220-D01,"[3, 5, 7]"
S1221-Q01,S1221,1,2,NO_FOLLOWUP_NEEDED,False,领域待补,,[]
S1222-Q01,S1222,1,2,NO_FOLLOWUP_NEEDED,False,领域待补,,[]
S1222-Q02,S1222,3,4,NO_FOLLOWUP_NEEDED,False,数学建模综合与案例,S1222-D01,[]
S1223-Q01,S1223,1,2,STOPPED_NO_REPLY,False,领域待补,,[]
S1224-Q01,S1224,1,6,QA3,True,优化与运筹,S1224-D01,"[3, 5]"
S1225-Q01,S1225,1,2,NO_FOLLOWUP_NEEDED,False,领域待补,,[]
S1226-Q01,S1226,1,30,QA3,True,学习过程与工具使用 / 机器学习与人工智能,S1226-D01 / S1226-D02,"[3, 5, 7, 9, 11, 13, 15, 17, 21, 25, 27, 29]"
S1227-Q01,S1227,1,22,QA3,True,机器学习与人工智能,S1227-D01,"[5, 7, 9, 11, 13, 15, 17, 19, 21]"
S1228-Q01,S1228,1,4,QA3,True,机器学习与人工智能,S1228-D01,[3]
S1229-Q01,S1229,1,2,NO_FOLLOWUP_NEEDED,False,领域待补,,[]
S1230-Q01,S1230,1,4,QA3,True,数学建模综合与案例,S1230-D01,[3]
S1231-Q01,S1231,1,2,STOPPED_NO_REPLY,False,领域待补,,[]
S1232-Q01,S1232,1,2,NO_FOLLOWUP_NEEDED,False,领域待补,,[]
S1233-Q01,S1233,1,2,STOPPED_NO_REPLY,False,领域待补,,[]
S1234-Q01,S1234,1,2,NO_FOLLOWUP_NEEDED,False,领域待补,,[]
S1235-Q01,S1235,1,2,NO_FOLLOWUP_NEEDED,False,领域待补,,[]
S1236-Q01,S1236,1,6,QA3,True,优化与运筹,S1236-D01,"[3, 5]"
S1237-Q01,S1237,1,2,NO_FOLLOWUP_NEEDED,False,领域待补,,[]
S1238-Q01,S1238,1,2,NO_FOLLOWUP_NEEDED,False,领域待补,,[]
S1239-Q01,S1239,1,4,QA3,True,数学建模综合与案例,S1239-D01,[3]
S1240-Q01,S1240,1,10,QA3,True,微分方程与动态系统,S1240-D01,"[3, 5, 7, 9]"
S1241-Q01,S1241,1,4,QA3,True,数学建模综合与案例,S1241-D01,[3]
S1242-Q01,S1242,1,8,QA3,True,数学基础,S1242-D01,"[3, 5, 7]"
S1243-Q01,S1243,1,4,QA3,True,微分方程与动态系统,S1243-D01,[3]
S1244-Q01,S1244,1,6,QA3,True,数学建模综合与案例,S1244-D01,"[3, 5]"
S1245-Q01,S1245,1,2,NO_FOLLOWUP_NEEDED,False,领域待补,,[]
S1246-Q01,S1246,1,2,NO_FOLLOWUP_NEEDED,False,领域待补,,[]
S1247-Q01,S1247,1,10,QA3,True,图论与网络,S1247-D01,"[3, 5, 7, 9]"
S1248-Q01,S1248,1,2,STOPPED_NO_REPLY,False,领域待补,,[]
S1249-Q01,S1249,1,6,QA3,True,数学建模综合与案例,S1249-D01,"[3, 5]"
S1250-Q01,S1250,1,6,QA3,True,图论与网络 / 学习过程与工具使用,S1250-D01 / S1250-D02,"[3, 5]"
S1251-Q01,S1251,1,4,QA3,True,数学建模综合与案例,S1251-D01,[3]
S1252-Q01,S1252,1,2,NO_FOLLOWUP_NEEDED,False,领域待补,,[]
S1253-Q01,S1253,1,2,NO_FOLLOWUP_NEEDED,False,领域待补,,[]
S1254-Q01,S1254,1,4,QA3,True,微分方程与动态系统,S1254-D01,[3]
S1255-Q01,S1255,1,6,QA3,True,学习过程与工具使用,S1255-D01,"[3, 5]"
S1256-Q01,S1256,1,2,NO_FOLLOWUP_NEEDED,False,领域待补,,[]
S1257-Q01,S1257,1,6,QA3,True,其他与待判定,S1257-D01,"[3, 5]"
S1257-Q02,S1257,7,10,QA3,True,学习过程与工具使用,S1257-D02,[9]
S1258-Q01,S1258,1,4,QA3,True,数学建模综合与案例,S1258-D01,[3]
S1259-Q01,S1259,1,2,NO_FOLLOWUP_NEEDED,False,领域待补,,[]
S1259-Q02,S1259,3,4,NO_FOLLOWUP_NEEDED,False,优化与运筹,S1259-D01,[]
S1260-Q01,S1260,1,2,NO_FOLLOWUP_NEEDED,False,领域待补,,[]
S1261-Q01,S1261,1,2,NO_FOLLOWUP_NEEDED,False,领域待补,,[]
S1262-Q01,S1262,1,6,QA3,True,数学建模综合与案例,S1262-D01,[3]
S1263-Q01,S1263,1,8,QA3,True,微分方程与动态系统 / 数学建模综合与案例,S1263-D01 / S1263-D02,"[3, 5, 7]"
S1265-Q01,S1265,1,2,NO_FOLLOWUP_NEEDED,False,领域待补,,[]
S1266-Q01,S1266,1,4,QA3,True,学习过程与工具使用,S1266-D01,[3]
S1267-Q01,S1267,1,2,STOPPED_NO_REPLY,False,领域待补,,[]
S1268-Q01,S1268,1,4,QA3,True,机器学习与人工智能,S1268-D01,[3]
S1269-Q01,S1269,1,12,QA3,True,图论与网络,S1269-D01,"[3, 5, 7, 9, 11]"
S1270-Q01,S1270,1,6,QA3,True,数学建模综合与案例 / 机器学习与人工智能,S1270-D01 / S1270-D02,"[3, 5]"
S1271-Q01,S1271,1,2,STOPPED_NO_REPLY,False,领域待补,,[]
S1272-Q01,S1272,1,6,QA3,True,优化与运筹,S1272-D01,"[3, 5]"
S1273-Q01,S1273,1,2,STOPPED_NO_REPLY,False,领域待补,,[]
S1274-Q01,S1274,1,2,STOPPED_NO_REPLY,False,领域待补,,[]
S1275-Q01,S1275,1,4,QA3,True,其他与待判定,S1275-D01,[3]
S1276-Q01,S1276,1,6,QA3,True,优化与运筹,S1276-D01,"[3, 5]"
S1277-Q01,S1277,1,2,NO_FOLLOWUP_NEEDED,False,领域待补,,[]
S1278-Q01,S1278,1,2,NO_FOLLOWUP_NEEDED,False,领域待补,,[]
S1278-Q02,S1278,3,8,QA3,True,数学建模综合与案例,S1278-D01,"[5, 7]"
S1282-Q01,S1282,1,2,NO_FOLLOWUP_NEEDED,False,领域待补,,[]
S1283-Q01,S1283,1,6,QA3,True,数学建模综合与案例,S1283-D01,"[3, 5]"
S1284-Q01,S1284,1,14,QA3,True,数据处理与可视化,S1284-D01,"[3, 5, 7, 9, 11, 13]"
S1284-Q02,S1284,15,16,NO_FOLLOWUP_NEEDED,False,数据处理与可视化,S1284-D01,[]
S1285-Q01,S1285,1,2,STOPPED_NO_REPLY,False,领域待补,,[]
S1285-Q02,S1285,3,4,NO_FOLLOWUP_NEEDED,False,学习过程与工具使用,S1285-D01,[]
S1285-Q03,S1285,5,6,STOPPED_NO_REPLY,False,学习过程与工具使用,S1285-D01,[]
S1285-Q04,S1285,7,10,QA3,True,学习过程与工具使用,S1285-D01,[9]
S1286-Q01,S1286,1,2,NO_FOLLOWUP_NEEDED,False,领域待补,,[]
S1287-Q01,S1287,1,2,NO_FOLLOWUP_NEEDED,False,领域待补,,[]
S1288-Q01,S1288,1,2,NO_FOLLOWUP_NEEDED,False,领域待补,,[]
S1289-Q01,S1289,1,2,NO_FOLLOWUP_NEEDED,False,领域待补,,[]
S1290-Q01,S1290,1,2,STOPPED_NO_REPLY,False,领域待补,,[]
S1291-Q01,S1291,1,2,NO_FOLLOWUP_NEEDED,False,领域待补,,[]
S1292-Q01,S1292,1,6,QA3,True,数学建模综合与案例,S1292-D01,"[3, 5]"
S1293-Q01,S1293,1,2,STOPPED_NO_REPLY,False,领域待补,,[]
S1294-Q01,S1294,1,10,QA3,True,机器学习与人工智能,S1294-D01,"[3, 5, 7, 9]"
S1295-Q01,S1295,1,2,NO_FOLLOWUP_NEEDED,False,领域待补,,[]
S1296-Q01,S1296,1,6,QA3,True,数学建模综合与案例,S1296-D01,"[3, 5]"
S1297-Q01,S1297,1,4,QA3,True,其他与待判定,S1297-D01,[3]
S1299-Q01,S1299,1,4,QA3,True,数学建模综合与案例,S1299-D01,[3]
S1299-Q02,S1299,5,10,QA3,True,数学建模综合与案例,S1299-D01,"[7, 9]"
