student_key,domain,semester,scale,before_score,after_score,delta_l,target,remaining
2025秋:240957,概率统计与随机过程,2025秋,s3,2.1909774436090226,3.9827956989247313,1.7918182553157087,5,2.8090225563909774
2025秋:252265,机器学习与人工智能,2025秋,s3,2.282051282051282,3.905597014925373,1.6235457328740912,5,2.717948717948718
2025秋:258268,图论与网络,2025秋,s3,1.2777777777777777,1.2777777777777777,0.0,4,2.7222222222222223
2025秋:258274,机器学习与人工智能,2025秋,s3,1.4338028169014085,1.4338028169014085,0.0,5,3.5661971830985912
2025秋:258425,微分方程与动态系统,2025秋,s3,1.548148148148148,1.548148148148148,0.0,4,2.4518518518518517
2025秋:258428,优化与运筹,2025秋,s3,2.051719238420006,3.95672131147541,1.905002073055404,5,2.948280761579994
2025秋:258430,数据处理与可视化,2025秋,s3,1.4389140271493213,3.593855376545523,2.1549413493962017,4,2.5610859728506785
2025秋:258431,优化与运筹,2025秋,s3,2.1268939393939394,3.918001033057851,1.7911070936639115,5,2.8731060606060606
2025秋:258440,图论与网络,2025秋,s3,2.0806100217864927,2.0806100217864927,0.0,4,1.9193899782135073
2025秋:258440,机器学习与人工智能,2025秋,s3,3.8822412155745485,3.8822412155745485,0.0,5,1.1177587844254515
2025秋:258526,机器学习与人工智能,2025秋,s3,2.277888844462215,3.922043891254504,1.6441550467922887,5,2.722111155537785
2025秋:258540,优化与运筹,2025秋,s3,1.4780701754385965,2.0141467727674622,0.5360765973288657,5,3.5219298245614032
2025秋:258755,概率统计与随机过程,2025秋,s3,2.05982905982906,3.8109393579072535,1.7511102980781934,5,2.94017094017094
2025秋:258858,优化与运筹,2025秋,s3,2.0141467727674622,3.9131968948482707,1.8990501220808085,5,2.9858532272325378
2025秋:258858,微分方程与动态系统,2025秋,s3,1.521825396825397,3.5076400679117143,1.9858146710863174,4,2.478174603174603
2025秋:258859,数值计算与科学计算,2025秋,s3,2.0957854406130267,2.8145035792094615,0.7187181385964347,3,0.9042145593869733
2025秋:258868,评价与决策,2025秋,s3,2.111801242236025,2.111801242236025,0.0,5,2.888198757763975
2025秋:258878,优化与运筹,2025秋,s3,1.4780701754385965,3.9131968948482707,2.4351267194096744,5,3.5219298245614032
2025秋:258880,数据处理与可视化,2025秋,s3,1.5819397993311037,1.5819397993311037,0.0,4,2.4180602006688963
2025秋:258887,优化与运筹,2025秋,s3,2.1268939393939394,2.1268939393939394,0.0,5,2.8731060606060606
2025秋:258888,优化与运筹,2025秋,s3,1.4780701754385965,3.9131968948482707,2.4351267194096744,5,3.5219298245614032
2025秋:258889,概率统计与随机过程,2025秋,s3,1.5243589743589745,2.120723362658847,0.5963643882998724,5,3.4756410256410257
2025秋:258892,图论与网络,2025秋,s3,2.0806100217864927,2.0806100217864927,0.0,4,1.9193899782135073
2025秋:258900,优化与运筹,2025秋,s3,1.469617404351088,1.469617404351088,0.0,5,3.530382595648912
2025秋:258902,优化与运筹,2025秋,s3,1.4431818181818181,3.95672131147541,2.5135394932935915,5,3.5568181818181817
2025秋:258906,概率统计与随机过程,2025秋,s3,3.9827956989247313,3.9827956989247313,0.0,5,1.0172043010752687
2025秋:258911,学习过程与工具使用,2025秋,s3,1.9583333333333333,1.9583333333333333,0.0,4,2.041666666666667
2025秋:258912,优化与运筹,2025秋,s3,1.4780701754385965,1.4780701754385965,0.0,5,3.5219298245614032
2025秋:258917,优化与运筹,2025秋,s3,1.5105820105820105,2.1268939393939394,0.616311928811929,5,3.4894179894179898
2025秋:258922,优化与运筹,2025秋,s3,2.051719238420006,3.95672131147541,1.905002073055404,5,2.948280761579994
2025秋:258923,优化与运筹,2025秋,s3,1.4780701754385965,1.4780701754385965,0.0,5,3.5219298245614032
2025秋:258924,概率统计与随机过程,2025秋,s3,2.1019167835437123,3.8638281549673956,1.7619113714236834,5,2.8980832164562877
2025秋:258927,概率统计与随机过程,2025秋,s3,2.05982905982906,2.05982905982906,0.0,5,2.94017094017094
2025秋:258932,图论与网络,2025秋,s3,2.0806100217864927,3.6847183317771557,1.604108309990663,4,1.9193899782135073
2025秋:258932,概率统计与随机过程,2025秋,s3,2.05982905982906,2.05982905982906,0.0,5,2.94017094017094
2025秋:258937,数值计算与科学计算,2025秋,s3,1.3550295857988164,1.3550295857988164,0.0,3,1.6449704142011836
2025秋:258938,优化与运筹,2025秋,s3,3.9444831915190406,3.9444831915190406,0.0,5,1.0555168084809594
2025秋:258938,数据处理与可视化,2025秋,s3,1.4389140271493213,3.593855376545523,2.1549413493962017,4,2.5610859728506785
2025秋:258939,数据处理与可视化,2025秋,s3,1.9224318658280923,3.58649495301079,1.6640630871826976,4,2.0775681341719077
2025秋:258942,优化与运筹,2025秋,s3,1.469617404351088,2.040922619047619,0.5713052146965312,5,3.530382595648912
2025秋:258951,优化与运筹,2025秋,s3,1.4780701754385965,2.0141467727674622,0.5360765973288657,5,3.5219298245614032
2025秋:258953,数据处理与可视化,2025秋,s3,3.611607142857143,3.611607142857143,0.0,4,0.3883928571428572
2025秋:258958,优化与运筹,2025秋,s3,2.1308049535603715,2.1308049535603715,0.0,5,2.8691950464396285
2025秋:258959,优化与运筹,2025秋,s3,1.469617404351088,2.040922619047619,0.5713052146965312,5,3.530382595648912
2025秋:258976,机器学习与人工智能,2025秋,s3,2.1350124801452237,3.8822412155745485,1.7472287354293248,5,2.8649875198547763
2025秋:258988,概率统计与随机过程,2025秋,s3,1.5385338345864663,3.9543992431409656,2.4158654085544993,5,3.4614661654135337
2025秋:258990,概率统计与随机过程,2025秋,s3,2.1019167835437123,3.8638281549673956,1.7619113714236834,5,2.8980832164562877
2025秋:258995,机器学习与人工智能,2025秋,s3,2.2901439645625694,2.2901439645625694,0.0,5,2.7098560354374306
2025秋:259004,优化与运筹,2025秋,s3,3.95672131147541,3.95672131147541,0.0,5,1.0432786885245902
2025秋:259015,图论与网络,2025秋,s3,1.3360378634212307,1.3360378634212307,0.0,4,2.6639621365787693
2025秋:259016,数据处理与可视化,2025秋,s3,2.0386847195357833,3.611607142857143,1.5729224233213595,4,1.9613152804642167
2025秋:259021,优化与运筹,2025秋,s3,1.469617404351088,3.9503444998812065,2.480727095530119,5,3.530382595648912
2025秋:259023,机器学习与人工智能,2025秋,s3,2.282051282051282,2.282051282051282,0.0,5,2.717948717948718
2025秋:259024,数据处理与可视化,2025秋,s3,2.0386847195357833,3.611607142857143,1.5729224233213595,4,1.9613152804642167
2025秋:259039,优化与运筹,2025秋,s3,2.040922619047619,3.9503444998812065,1.9094218808335874,5,2.959077380952381
2025秋:259043,机器学习与人工智能,2025秋,s3,2.2901439645625694,4.027642276422764,1.7374983118601945,5,2.7098560354374306
2025秋:259044,优化与运筹,2025秋,s3,1.5105820105820105,3.918001033057851,2.4074190224758407,5,3.4894179894179898
2025秋:259052,图论与网络,2025秋,s3,3.6847183317771557,3.6847183317771557,0.0,4,0.3152816682228443
2025秋:259059,优化与运筹,2025秋,s3,1.5105820105820105,1.5105820105820105,0.0,5,3.4894179894179898
2025秋:259092,优化与运筹,2025秋,s3,2.0141467727674622,2.0141467727674622,0.0,5,2.9858532272325378
2025秋:259097,机器学习与人工智能,2025秋,s3,3.905597014925373,3.905597014925373,0.0,5,1.0944029850746269
2025秋:259101,优化与运筹,2025秋,s3,1.4431818181818181,1.4431818181818181,0.0,5,3.5568181818181817
2025秋:259106,优化与运筹,2025秋,s3,3.95672131147541,3.95672131147541,0.0,5,1.0432786885245902
2025秋:259112,优化与运筹,2025秋,s3,2.040922619047619,3.9503444998812065,1.9094218808335874,5,2.959077380952381
2025秋:259116,机器学习与人工智能,2025秋,s3,4.027642276422764,4.027642276422764,0.0,5,0.972357723577236
2025秋:259161,微分方程与动态系统,2025秋,s3,2.1269315673289184,3.48109243697479,1.3541608696458716,4,1.8730684326710816
2025秋:259315,机器学习与人工智能,2025秋,s3,3.922043891254504,3.922043891254504,0.0,5,1.077956108745496
2025秋:259316,图论与网络,2025秋,s3,2.283557046979866,2.283557046979866,0.0,4,1.7164429530201342
2025秋:259316,学习过程与工具使用,2025秋,s3,3.5469613259668504,3.5469613259668504,0.0,4,0.45303867403314957
2025秋:259317,数值计算与科学计算,2025秋,s3,1.9782135076252725,2.7842091224326486,0.8059956148073761,3,1.0217864923747275
2025秋:259321,数值计算与科学计算,2025秋,s3,1.4385542168674699,2.0957854406130267,0.6572312237455569,3,1.5614457831325301
2025秋:259324,机器学习与人工智能,2025秋,s3,1.5142857142857142,1.5142857142857142,0.0,5,3.4857142857142858
2025秋:259326,优化与运筹,2025秋,s3,2.1268939393939394,3.918001033057851,1.7911070936639115,5,2.8731060606060606
2025秋:259334,概率统计与随机过程,2025秋,s3,2.1019167835437123,3.8638281549673956,1.7619113714236834,5,2.8980832164562877
2025秋:259335,概率统计与随机过程,2025秋,s3,1.5243589743589745,4.087750958718701,2.5633919843597264,5,3.4756410256410257
2025秋:259336,优化与运筹,2025秋,s3,2.040922619047619,3.9503444998812065,1.9094218808335874,5,2.959077380952381
2025秋:259342,微分方程与动态系统,2025秋,s3,3.48109243697479,3.48109243697479,0.0,4,0.51890756302521
2025秋:259346,优化与运筹,2025秋,s3,2.1268939393939394,2.1268939393939394,0.0,5,2.8731060606060606
2025秋:259400,数值计算与科学计算,2025秋,s3,1.3550295857988164,1.9782135076252725,0.6231839218264561,3,1.6449704142011836
2025秋:259403,优化与运筹,2025秋,s3,2.0141467727674622,3.9131968948482707,1.8990501220808085,5,2.9858532272325378
2025秋:259404,图论与网络,2025秋,s3,2.0806100217864927,2.0806100217864927,0.0,4,1.9193899782135073
2025秋:259407,优化与运筹,2025秋,s3,1.4431818181818181,3.95672131147541,2.5135394932935915,5,3.5568181818181817
2025秋:259422,概率统计与随机过程,2025秋,s3,2.127473021582734,2.127473021582734,0.0,5,2.872526978417266
2025秋:259425,概率统计与随机过程,2025秋,s3,2.1909774436090226,3.9827956989247313,1.7918182553157087,5,2.8090225563909774
2025秋:259430,优化与运筹,2025秋,s3,2.040922619047619,2.040922619047619,0.0,5,2.959077380952381
2025秋:259431,优化与运筹,2025秋,s3,2.040922619047619,2.040922619047619,0.0,5,2.959077380952381
2025秋:259437,数值计算与科学计算,2025秋,s3,2.8145035792094615,2.8145035792094615,0.0,3,0.18549642079053852
2025秋:259437,机器学习与人工智能,2025秋,s3,2.282051282051282,3.905597014925373,1.6235457328740912,5,2.717948717948718
2025秋:259449,优化与运筹,2025秋,s3,3.918001033057851,3.918001033057851,0.0,5,1.081998966942149
2025秋:259449,数值计算与科学计算,2025秋,s3,2.10727969348659,2.780998389694042,0.6737186962074517,3,0.89272030651341
2025秋:259452,数值计算与科学计算,2025秋,s3,2.129353233830846,2.828522920203735,0.6991696863728891,3,0.8706467661691542
2025秋:259778,优化与运筹,2025秋,s3,2.051719238420006,2.051719238420006,0.0,5,2.948280761579994
2025秋:259789,概率统计与随机过程,2025秋,s3,2.05982905982906,3.8109393579072535,1.7511102980781934,5,2.94017094017094
2025秋:259843,概率统计与随机过程,2025秋,s3,1.555014605647517,1.555014605647517,0.0,5,3.444985394352483
2025秋:259863,微分方程与动态系统,2025秋,s3,2.0730282375851994,3.5036764705882355,1.4306482330030361,4,1.9269717624148006
2025秋:259865,机器学习与人工智能,2025秋,s3,2.282051282051282,3.905597014925373,1.6235457328740912,5,2.717948717948718
2025秋:259873,机器学习与人工智能,2025秋,s3,2.277888844462215,2.277888844462215,0.0,5,2.722111155537785
2025秋:259877,图论与网络,2025秋,s3,1.303549571603427,2.283557046979866,0.9800074753764387,4,2.696450428396573
2025秋:259885,优化与运筹,2025秋,s3,2.0141467727674622,2.0141467727674622,0.0,5,2.9858532272325378
2025秋:259895,优化与运筹,2025秋,s3,2.051719238420006,3.95672131147541,1.905002073055404,5,2.948280761579994
2025秋:259896,优化与运筹,2025秋,s3,1.4431818181818181,2.051719238420006,0.6085374202381877,5,3.5568181818181817
2025秋:259899,概率统计与随机过程,2025秋,s3,1.5573770491803278,1.5573770491803278,0.0,5,3.442622950819672
2025秋:259917,机器学习与人工智能,2025秋,s3,1.5021645021645023,2.282051282051282,0.7798867798867797,5,3.4978354978354975
2025秋:259919,优化与运筹,2025秋,s3,3.9131968948482707,3.9131968948482707,0.0,5,1.0868031051517293
2025秋:259921,机器学习与人工智能,2025秋,s3,2.2546497823506133,2.2546497823506133,0.0,5,2.7453502176493867
2025秋:259958,数值计算与科学计算,2025秋,s3,2.828522920203735,2.828522920203735,0.0,3,0.17147707979626503
2025秋:259961,优化与运筹,2025秋,s3,1.4789319983312474,3.9444831915190406,2.4655511931877934,5,3.521068001668753
2025秋:25A081,优化与运筹,2025秋,s3,1.469617404351088,3.9503444998812065,2.480727095530119,5,3.530382595648912
2025秋:25A085,概率统计与随机过程,2025秋,s3,1.4254510921177588,2.1019167835437123,0.6764656914259535,5,3.5745489078822414
2025秋:25A086,概率统计与随机过程,2025秋,s3,4.087750958718701,4.087750958718701,0.0,5,0.9122490412812994
2025秋:25A134,概率统计与随机过程,2025秋,s3,1.4254510921177588,3.8638281549673956,2.4383770628496366,5,3.5745489078822414
2025秋:25A146,图论与网络,2025秋,s3,2.283557046979866,3.7468944099378882,1.4633373629580224,4,1.7164429530201342
2025秋:25A148,优化与运筹,2025秋,s3,2.1308049535603715,3.9444831915190406,1.8136782379586691,5,2.8691950464396285
2025秋:25A168,优化与运筹,2025秋,s3,3.9444831915190406,3.9444831915190406,0.0,5,1.0555168084809594
2025秋:25A168,概率统计与随机过程,2025秋,s3,2.120723362658847,4.087750958718701,1.9670275960598538,5,2.879276637341153
2025秋:25A171,微分方程与动态系统,2025秋,s3,1.4269662921348316,1.4269662921348316,0.0,4,2.5730337078651684
2025秋:25P025,优化与运筹,2025秋,s3,2.0141467727674622,3.9131968948482707,1.8990501220808085,5,2.9858532272325378
2025秋:260001,微分方程与动态系统,2025秋,s3,1.521825396825397,1.521825396825397,0.0,4,2.478174603174603
2026春:250868,优化与运筹,2026春,s3,1.5105820105820105,2.1268939393939394,0.616311928811929,5,3.4894179894179898
2026春:258955,优化与运筹,2026春,s3,2.1308049535603715,2.1308049535603715,0.0,5,2.8691950464396285
2026春:259443,优化与运筹,2026春,s3,2.051719238420006,3.95672131147541,1.905002073055404,5,2.948280761579994
2026春:25A071,图论与网络,2026春,s3,1.3673780487804879,3.6825127334465195,2.315134684666032,4,2.6326219512195124
2026春:268112,优化与运筹,2026春,s3,2.1268939393939394,3.918001033057851,1.7911070936639115,5,2.8731060606060606
2026春:268115,优化与运筹,2026春,s3,2.051719238420006,3.95672131147541,1.905002073055404,5,2.948280761579994
2026春:268121,优化与运筹,2026春,s3,2.1308049535603715,3.9444831915190406,1.8136782379586691,5,2.8691950464396285
2026春:268126,机器学习与人工智能,2026春,s3,2.1350124801452237,3.8822412155745485,1.7472287354293248,5,2.8649875198547763
2026春:268127,优化与运筹,2026春,s3,2.040922619047619,3.9503444998812065,1.9094218808335874,5,2.959077380952381
2026春:268130,机器学习与人工智能,2026春,s3,1.5142857142857142,2.2546497823506133,0.7403640680648991,5,3.4857142857142858
2026春:268133,优化与运筹,2026春,s3,1.4789319983312474,2.1308049535603715,0.651872955229124,5,3.521068001668753
2026春:268135,机器学习与人工智能,2026春,s3,2.2546497823506133,3.8539599934948776,1.5993102111442643,5,2.7453502176493867
2026春:268140,优化与运筹,2026春,s3,1.4431818181818181,3.95672131147541,2.5135394932935915,5,3.5568181818181817
2026春:268144,优化与运筹,2026春,s3,2.1268939393939394,3.918001033057851,1.7911070936639115,5,2.8731060606060606
2026春:268154,优化与运筹,2026春,s3,2.1308049535603715,3.9444831915190406,1.8136782379586691,5,2.8691950464396285
2026春:268162,优化与运筹,2026春,s3,2.1308049535603715,3.9444831915190406,1.8136782379586691,5,2.8691950464396285
2026春:268174,优化与运筹,2026春,s3,2.1268939393939394,3.918001033057851,1.7911070936639115,5,2.8731060606060606
2026春:268176,优化与运筹,2026春,s3,2.0141467727674622,2.0141467727674622,0.0,5,2.9858532272325378
2026春:268183,优化与运筹,2026春,s3,2.040922619047619,3.9503444998812065,1.9094218808335874,5,2.959077380952381
2026春:268184,优化与运筹,2026春,s3,2.1308049535603715,3.9444831915190406,1.8136782379586691,5,2.8691950464396285
2026春:268194,优化与运筹,2026春,s3,2.051719238420006,3.95672131147541,1.905002073055404,5,2.948280761579994
2026春:268195,概率统计与随机过程,2026春,s3,1.5573770491803278,2.05982905982906,0.5024520106487322,5,3.442622950819672
2026春:268206,概率统计与随机过程,2026春,s3,1.5243589743589745,4.087750958718701,2.5633919843597264,5,3.4756410256410257
2026春:268219,学习过程与工具使用,2026春,s3,2.282560706401766,2.282560706401766,0.0,4,1.7174392935982339
2026春:268240,优化与运筹,2026春,s3,1.5105820105820105,3.918001033057851,2.4074190224758407,5,3.4894179894179898
2026春:268498,概率统计与随机过程,2026春,s3,1.555014605647517,2.1909774436090226,0.6359628379615057,5,3.444985394352483
2026春:268502,概率统计与随机过程,2026春,s3,2.1909774436090226,3.9827956989247313,1.7918182553157087,5,2.8090225563909774
2026春:268525,图论与网络,2026春,s3,1.3360378634212307,3.704184704184704,2.3681468407634734,4,2.6639621365787693
2026春:268538,优化与运筹,2026春,s3,1.5105820105820105,1.5105820105820105,0.0,5,3.4894179894179898
